RTT,Category
0.00576782226562,0
0.0281310081482,0
0.0270168781281,0
0.0181829929352,0
0.0208678245544,0
0.0393879413605,0
0.0292220115662,0
0.0216510295868,0
0.0196619033813,0
0.0333669185638,0
0.0113990306854,0
0.0266411304474,0
0.0258390903473,0
0.0262520313263,0
0.0344099998474,0
0.0300569534302,0
0.120219945908,1
0.110074996948,1
0.109546899796,1
0.135583877563,1
0.103733778,1
0.127606868744,1
0.11775803566,1
0.134546995163,1
0.113003730774,1
0.128397941589,1
0.108493089676,1
0.116307020187,1
0.110956907272,1
0.1279296875,1
0.122532844543,1
0.00169014930725,0
0.0104808807373,0
0.0267798900604,0
0.0230600833893,0
0.0350439548492,0
0.0105748176575,0
0.0286459922791,0
0.0261828899384,0
0.0340981483459,0
0.0272600650787,0
0.0345618724823,0
0.0118441581726,0
0.0407068729401,0
0.106748819351,1
0.161000728607,1
0.0940389633179,1
0.142209768295,1
0.13392996788,1
0.137980937958,1
0.122246980667,1
0.12869977951,1
0.118021965027,1
0.109202861786,1
0.108639955521,1
0.10906791687,1
0.111739873886,1
0.134043931961,1
0.113755941391,1
0.118419885635,1
0.139009952545,1
0.130913972855,1
0.104006052017,1
0.123631954193,1
0.122439861298,1
0.00588488578796,0
0.0296249389648,0
0.0356040000916,0
0.0387070178986,0
0.0377578735352,0
0.11218380928,0
0.0081570148468,0
0.0251550674438,0
0.0074520111084,0
0.0215089321136,0
0.0314450263977,0
0.0121960639954,0
0.131912946701,1
0.109069108963,1
0.101502895355,1
0.116453886032,1
0.115258932114,1
0.100884914398,1
0.114403963089,1
0.125725984573,1
0.128191947937,1
0.131729841232,1
0.100181818008,1
0.129272937775,1
0.1275639534,1
0.103401899338,1
0.117479801178,1
0.107727766037,1
0.117403745651,1
0.150444984436,1
0.121675014496,1
0.10210776329,1
0.116852998734,1
0.0221180915833,0
0.0283861160278,0
0.00073504447937,0
0.0194439888,0
0.0172648429871,0
0.0343761444092,0
0.0276780128479,0
0.00219106674194,0
0.0202429294586,0
0.0153260231018,0
0.0126748085022,0
0.0304989814758,0
0.0143840312958,0
0.00899386405945,0
0.115815877914,1
0.132927894592,1
0.105546951294,1
0.13769698143,1
0.114778995514,1
0.123766899109,1
0.0940120220184,1
0.129884004593,1
0.124574899673,1
0.123493909836,1
0.134640932083,1
0.104471683502,1
0.115077972412,1
0.129230976105,1
0.124775886536,1
0.0287790298462,0
0.0238070487976,0
0.0252552032471,0
0.0574109554291,0
0.0328898429871,0
0.00691413879395,0
0.0259120464325,0
0.0274679660797,0
0.109914779663,1
0.109394073486,1
0.133313894272,1
0.105633020401,1
0.125772953033,1
0.122345924377,1
0.121948957443,1
0.120000839233,1
0.123613834381,1
0.0122969150543,0
0.0264849662781,0
0.014995098114,0
0.0318448543549,0
0.0259051322937,0
0.0259420871735,0
0.0268199443817,0
0.00289607048035,0
0.0431308746338,0
0.0286729335785,0
0.138376951218,1
0.129953861237,1
0.111568927765,1
0.0883128643036,1
0.109673023224,1
0.110133886337,1
0.117903709412,1
0.110769987106,1
0.120965003967,1
0.121917724609,1
0.11554980278,1
0.125026941299,1
0.130436897278,1
0.145807981491,1
0.108039855957,1
0.00049090385437,0
0.00730800628662,0
0.00790786743164,0
0.0030369758606,0
0.00266480445862,0
0.0330259799957,0
0.125127792358,1
0.130242109299,1
0.142541885376,1
0.111841917038,1
0.0992560386658,1
0.111042976379,1
0.111932039261,1
0.134958982468,1
0.099221944809,1
0.126358747482,1
0.127893924713,1
0.126275777817,1
0.130856990814,1
0.108085870743,1
0.110694885254,1
0.121034860611,1
0.108923912048,1
0.134220838547,1
0.0393009185791,0
0.0420708656311,0
0.0325219631195,0
0.0445940494537,0
0.033077955246,0
0.065290927887,0
0.0508320331573,0
0.0357420444489,0
0.0158369541168,0
0.0234150886536,0
0.0351269245148,0
0.0185170173645,0
0.00885486602783,0
0.027184009552,0
0.0318601131439,0
0.119465827942,1
0.103606939316,1
0.135194063187,1
0.125562906265,1
0.130822896957,1
0.10301399231,1
0.129268884659,1
0.124641895294,1
0.0188238620758,0
0.0274910926819,0
0.00425505638123,0
0.0272970199585,0
0.02410197258,0
0.0258731842041,0
0.0220260620117,0
0.024022102356,0
0.03058385849,0
0.0270049571991,0
0.035295009613,0
0.0142719745636,0
0.00606298446655,0
0.00520205497742,0
0.0335550308228,0
0.00847792625427,0
0.0228328704834,0
0.153628826141,1
0.0960381031036,1
0.158588886261,1
0.119735956192,1
0.127901792526,1
0.111595869064,1
0.128326892853,1
0.106364965439,1
0.112009763718,1
0.131678819656,1
0.025918006897,0
0.0298750400543,0
0.0273568630219,0
0.0231320858002,0
0.0238139629364,0
0.000375032424927,0
0.0246338844299,0
0.0230240821838,0
0.0315310955048,0
0.024670124054,0
0.0138840675354,0
0.00774002075195,0
0.0131208896637,0
0.0316100120544,0
0.119701862335,1
0.122389793396,1
0.134246826172,1
0.113648891449,1
0.124513864517,1
0.119000911713,1
0.128193855286,1
0.144947767258,1
0.128766775131,1
0.134124755859,1
0.112435817719,1
0.172546863556,1
0.129096031189,1
0.139905929565,1
0.126358032227,1
0.106019020081,1
0.123655080795,1
0.112511873245,1
0.100399971008,1
0.00217700004578,0
0.0258181095123,0
0.0239760875702,0
0.0233919620514,0
0.0186469554901,0
0.0250010490417,0
0.0310459136963,0
0.0186159610748,0
0.0307068824768,0
0.121952056885,1
0.116960763931,1
0.114979743958,1
0.125241994858,1
0.133964061737,1
0.134746074677,1
0.108888864517,1
0.11896276474,1
0.132275819778,1
0.094605922699,1
0.118118047714,1
0.125268936157,1
0.135582923889,1
0.0190448760986,0
0.0359859466553,0
0.0187418460846,0
0.0146150588989,0
0.0273880958557,0
0.00166511535645,0
0.0255079269409,0
0.0185310840607,0
0.117949962616,1
0.122167825699,1
0.124356746674,1
0.114249944687,1
0.11260509491,1
0.123378038406,1
0.116148948669,1
0.112224817276,1
0.123674869537,1
0.113818883896,1
0.119031906128,1
0.119748830795,1
0.12249994278,1
0.127763986588,1
0.105010032654,1
0.0395591259003,0
0.0040819644928,0
0.0210359096527,0
0.0301990509033,0
0.0407209396362,0
0.0363988876343,0
0.0320949554443,0
0.00789880752563,0
0.0113940238953,0
0.0307328701019,0
0.126456975937,1
0.117619991302,1
0.128685951233,1
0.111800909042,1
0.125331878662,1
0.129664897919,1
0.127367734909,1
0.120776891708,1
0.119485855103,1
0.123666763306,1
0.135212898254,1
0.122810840607,1
0.11999797821,1
0.123623847961,1
0.114253997803,1
0.114033937454,1
0.122395038605,1
0.0303919315338,0
0.0273640155792,0
0.0232470035553,0
0.0314178466797,0
0.0242919921875,0
0.0171439647675,0
0.0133209228516,0
0.0175139904022,0
0.0213251113892,0
0.0284340381622,0
0.0658881664276,0
0.186596870422,1
0.101655006409,1
0.162530899048,1
0.123540878296,1
0.136557817459,1
0.106355905533,1
0.123882770538,1
0.122538089752,1
0.108394861221,1
0.114114761353,1
0.104247093201,1
0.136132001877,1
0.113799095154,1
0.129378795624,1
0.0784928798676,1
0.129543781281,1
0.0511789321899,0
0.0235049724579,0
0.025918006897,0
0.0150392055511,0
0.0121109485626,0
0.027312040329,0
0.0414259433746,0
0.0188808441162,0
0.0131199359894,0
0.0245101451874,0
0.0191090106964,0
0.0257921218872,0
0.0159828662872,0
0.0270791053772,0
0.118895053864,1
0.114058971405,1
0.131681919098,1
0.110451936722,1
0.101383924484,1
0.114259004593,1
0.11882686615,1
0.121704101562,1
0.133110761642,1
0.109664916992,1
0.131847858429,1
0.118640899658,1
0.113893985748,1
0.11815571785,1
0.12254691124,1
0.0111470222473,0
0.033478975296,0
0.0474820137024,0
0.01043009758,0
0.0272538661957,0
0.0310349464417,0
0.0379800796509,0
0.0286219120026,0
0.00615501403809,0
0.036159992218,0
0.0163350105286,0
0.032087802887,0
0.0281829833984,0
0.0150308609009,0
0.0111029148102,0
0.0270228385925,0
0.0218188762665,0
0.0229640007019,0
0.0108549594879,0
0.023374080658,0
0.124716758728,1
0.132541894913,1
0.126890897751,1
0.125957727432,1
0.119730949402,1
0.114688873291,1
0.128314971924,1
0.126733779907,1
0.103510856628,1
0.112466812134,1
0.128294944763,1
0.123258829117,1
0.175751924515,1
0.130800008774,1
0.0189769268036,0
0.0182049274445,0
0.0277950763702,0
0.0109479427338,0
0.032420873642,0
0.0394110679626,0
0.0347671508789,0
0.024053812027,0
0.0414381027222,0
0.0270669460297,0
0.0130319595337,0
0.00933599472046,0
0.0186750888824,0
0.0149760246277,0
0.0058228969574,0
0.121902942657,1
0.132911920547,1
0.118367910385,1
0.121516942978,1
0.134288787842,1
0.110910892487,1
0.10801410675,1
0.129313707352,1
0.0986800193787,1
0.134572982788,1
0.127511978149,1
0.103849887848,1
0.1170399189,1
0.122079849243,1
0.103458881378,1
0.039824962616,0
0.0120530128479,0
0.0137801170349,0
0.00150585174561,0
0.00928521156311,0
0.0365159511566,0
0.0141570568085,0
0.0348968505859,0
0.024120092392,0
0.0298960208893,0
0.0136539936066,0
0.0353319644928,0
0.0243639945984,0
0.0254080295563,0
0.161310911179,1
0.18914103508,1
0.127066850662,1
0.127105712891,1
0.119674921036,1
0.139801979065,1
0.113445043564,1
0.122733831406,1
0.120397806168,1
0.109780073166,1
0.0176701545715,0
0.00433802604675,0
0.0275239944458,0
0.0136089324951,0
0.0266211032867,0
0.0100059509277,0
0.0221371650696,0
0.00505399703979,0
0.0208940505981,0
0.00763416290283,0
0.0225429534912,0
0.00794315338135,0
0.03235912323,0
0.0298848152161,0
0.0317261219025,0
0.0376751422882,0
0.0249300003052,0
0.0163180828094,0
0.0298981666565,0
0.0318801403046,0
0.00987195968628,0
0.0137960910797,0
0.105264902115,1
0.152578830719,1
0.105156898499,1
0.121894836426,1
0.118345975876,1
0.120021820068,1
0.115728855133,1
0.130018949509,1
0.125069856644,1
0.102587938309,1
0.126852035522,1
0.125150918961,1
0.110140800476,1
0.0327200889587,0
0.0154511928558,0
0.00344300270081,0
0.0158109664917,0
0.00279307365417,0
0.0333170890808,0
0.0220530033112,0
0.00814700126648,0
0.00322294235229,0
0.11624288559,1
0.104438781738,1
0.124465942383,1
0.111301898956,1
0.136213779449,1
0.11373591423,1
0.134765863419,1
0.115108013153,1
0.142150878906,1
0.102555036545,1
0.10072684288,1
0.157878875732,1
0.176440954208,1
0.122803926468,1
0.11029291153,1
0.116003990173,1
0.120318889618,1
0.124006748199,1
0.105075836182,1
0.110852956772,1
0.00084400177002,0
0.0228869915009,0
0.025563955307,0
0.00703811645508,0
0.0118160247803,0
0.0228579044342,0
0.0125839710236,0
0.032331943512,0
0.0396881103516,0
0.0341589450836,0
0.00876212120056,0
0.0227568149567,0
0.0224220752716,0
0.0169341564178,0
0.124644994736,1
0.119388818741,1
0.136066913605,1
0.134226799011,1
0.154051065445,1
0.109705924988,1
0.12274479866,1
0.165507078171,1
0.135816812515,1
0.105520963669,1
0.119865894318,1
0.112882852554,1
0.0307078361511,0
0.00428104400635,0
0.0236461162567,0
0.019758939743,0
0.034677028656,0
0.00271701812744,0
0.0255699157715,0
0.0346529483795,0
0.0190300941467,0
0.0189909934998,0
0.0298848152161,0
0.139605998993,1
0.126516819,1
0.109035015106,1
0.133325815201,1
0.114311695099,1
0.122941017151,1
0.128937959671,1
0.123144865036,1
0.134076118469,1
0.119693040848,1
0.101147890091,1
0.112015962601,1
0.0251939296722,0
0.0235199928284,0
0.0291841030121,0
0.0196549892426,0
0.0107259750366,0
0.0331709384918,0
0.0191068649292,0
0.0193011760712,0
0.0265488624573,0
0.0302798748016,0
0.0259599685669,0
0.123102903366,1
0.155703783035,1
0.138029098511,1
0.130421876907,1
0.119515895844,1
0.158622741699,1
0.10614991188,1
0.128328800201,1
0.119195699692,1
0.13777089119,1
0.122596025467,1
0.115274906158,1
0.12411403656,1
0.105823993683,1
0.124954938889,1
0.0244700908661,0
0.0239930152893,0
0.021815776825,0
0.0248301029205,0
0.0156981945038,0
0.0345439910889,0
0.0283138751984,0
0.0139029026031,0
0.0195560455322,0
0.0330021381378,0
0.0079071521759,0
0.0223178863525,0
0.016676902771,0
0.0260319709778,0
0.0252449512482,0
0.0232708454132,0
0.024129152298,0
0.0228729248047,0
0.126121759415,1
0.129208803177,1
0.126339912415,1
0.13072180748,1
0.181735038757,1
0.111289024353,1
0.13121676445,1
0.126296758652,1
0.129181861877,1
0.134511947632,1
0.125257968903,1
0.120544910431,1
0.100705862045,1
0.0219449996948,0
0.0336101055145,0
0.00597620010376,0
0.0399551391602,0
0.0132751464844,0
0.0224578380585,0
0.0232880115509,0
0.0163810253143,0
0.0101819038391,0
0.00378489494324,0
0.0295159816742,0
0.0107688903809,0
0.0205519199371,0
0.000832080841064,0
0.0229930877686,0
0.0183899402618,0
0.0226919651031,0
0.113910913467,1
0.114259958267,1
0.1222178936,1
0.109857797623,1
0.113569021225,1
0.128824949265,1
0.111168861389,1
0.125397920609,1
0.122839927673,1
0.118908882141,1
0.129117965698,1
0.0349278450012,0
0.0392160415649,0
0.0297870635986,0
0.00221109390259,0
0.0240950584412,0
0.010241985321,0
0.0301020145416,0
0.0214278697968,0
0.0178489685059,0
0.0220808982849,0
0.0317580699921,0
0.0360069274902,0
0.0263690948486,0
0.0302619934082,0
0.0291299819946,0
0.111519813538,1
0.123928070068,1
0.131384849548,1
0.106461048126,1
0.113445043564,1
0.111260890961,1
0.112045049667,1
0.0219969749451,0
0.012852191925,0
0.0194330215454,0
0.0149970054626,0
0.00274300575256,0
0.0325019359589,0
0.0840079784393,0
0.0262658596039,0
0.029483795166,0
0.00612592697144,0
0.0344660282135,0
0.0241649150848,0
0.0207440853119,0
0.00918102264404,0
0.0352389812469,0
0.0206341743469,0
0.124151706696,1
0.11363196373,1
0.119189977646,1
0.138110876083,1
0.12620806694,1
0.118975877762,1
0.121752977371,1
0.11404299736,1
0.0993919372559,1
0.119026899338,1
0.103933811188,1
0.131120920181,1
0.127874851227,1
0.125954866409,1
0.12509894371,1
0.11431479454,1
0.126460075378,1
0.0227520465851,0
0.00272798538208,0
0.052374124527,0
0.0311739444733,0
0.0266151428223,0
0.00327706336975,0
0.0264670848846,0
0.0278460979462,0
0.0166931152344,0
0.0216109752655,0
0.0272881984711,0
0.0201690196991,0
0.023540019989,0
0.0304720401764,0
0.0361638069153,0
0.11205291748,1
0.114949941635,1
0.116030931473,1
0.0990107059479,1
0.136605024338,1
0.141404867172,1
0.105235099792,1
0.106887817383,1
0.112106800079,1
0.130741119385,1
0.108592748642,1
0.138273715973,1
0.0269658565521,0
0.0172228813171,0
0.0010130405426,0
0.0363531112671,0
0.0195078849792,0
0.0110459327698,0
0.0247719287872,0
0.0232257843018,0
0.0337901115417,0
0.0262379646301,0
0.0230951309204,0
0.0444469451904,0
0.0216419696808,0
0.00570583343506,0
0.129175901413,1
0.102131843567,1
0.124257802963,1
0.109902858734,1
0.105015993118,1
0.122488021851,1
0.0931849479675,1
0.108828783035,1
0.105266809464,1
0.0424528121948,0
0.0403010845184,0
0.0224888324738,0
0.0397629737854,0
0.0302481651306,0
0.0434248447418,0
0.0265140533447,0
0.0277330875397,0
0.0123100280762,0
0.029825925827,0
0.0215029716492,0
0.0354669094086,0
0.0503330230713,0
0.0439941883087,0
0.107252836227,1
0.126539945602,1
0.140023946762,1
0.129502058029,1
0.116206884384,1
0.113694906235,1
0.132611989975,1
0.126841068268,1
0.105583906174,1
0.116976737976,1
0.125833034515,1
0.116461038589,1
0.120630025864,1
0.123905897141,1
0.105009078979,1
0.121153831482,1
0.128139019012,1
0.112659931183,1
0.126220941544,1
0.100152015686,1
0.131442785263,1
0.123556852341,1
0.000181913375854,0
0.0360488891602,0
0.0275671482086,0
0.0354361534119,0
0.034316778183,0
0.00806498527527,0
0.0225419998169,0
0.0142121315002,0
0.00168204307556,0
0.0134539604187,0
0.0167598724365,0
0.007404088974,0
0.000907897949219,0
0.0184659957886,0
0.0273189544678,0
0.110212087631,1
0.104858875275,1
0.164057970047,1
0.102442026138,1
0.124797821045,1
0.111481904984,1
0.105949878693,1
0.121980905533,1
0.11008310318,1
0.120090961456,1
0.113523006439,1
0.106607913971,1
0.114422798157,1
0.110456943512,1
0.0270829200745,0
0.0296370983124,0
0.0378057956696,0
0.0269041061401,0
0.0301990509033,0
0.0422060489655,0
0.0340731143951,0
0.00886082649231,0
0.00146198272705,0
0.0359070301056,0
0.0191509723663,0
0.0197899341583,0
0.0124728679657,0
0.00826692581177,0
0.12288403511,1
0.134818077087,1
0.11371588707,1
0.146457910538,1
0.0995488166809,1
0.113630056381,1
0.105542898178,1
0.132112979889,1
0.107903003693,1
0.102512836456,1
0.120741128922,1
0.105151891708,1
0.125587940216,1
0.117948770523,1
0.0181970596313,0
0.0269939899445,0
0.0231258869171,0
0.0048999786377,0
0.000446081161499,0
0.0262460708618,0
0.0110919475555,0
0.000750064849854,0
0.0355939865112,0
0.0296659469604,0
0.0138990879059,0
0.0335311889648,0
0.0215740203857,0
0.133596897125,1
0.121703863144,1
0.117887973785,1
0.110018014908,1
0.127686738968,1
0.112546920776,1
0.136254787445,1
0.0938289165497,1
0.106491804123,1
0.129459857941,1
0.122534990311,1
0.117283821106,1
0.117994785309,1
0.128190994263,1
0.105085849762,1
0.122732877731,1
0.129393815994,1
0.112483978271,1
0.0308659076691,0
0.009446144104,0
0.0287389755249,0
0.017805814743,0
0.0395140647888,0
0.0301699638367,0
0.0259881019592,0
0.0266411304474,0
0.0035080909729,0
0.00936794281006,0
0.00965595245361,0
0.0195009708405,0
0.0183680057526,0
0.122594833374,1
0.107047796249,1
0.113924980164,1
0.106813907623,1
0.139839887619,1
0.112794876099,1
0.107511043549,1
0.119752883911,1
0.142642021179,1
0.100075006485,1
0.142501831055,1
0.123889923096,1
0.134090900421,1
0.110599756241,1
0.133425951004,1
0.0219640731812,0
0.0286650657654,0
0.0310130119324,0
0.0269360542297,0
0.0359079837799,0
0.0240669250488,0
0.0258841514587,0
0.0271530151367,0
0.0361161231995,0
0.00829005241394,0
0.0311608314514,0
0.136713027954,1
0.126394748688,1
0.120221853256,1
0.11214184761,1
0.107466936111,1
0.119308948517,1
0.130704879761,1
0.104888916016,1
0.125492811203,1
0.133994102478,1
0.174296855927,1
0.125940084457,1
0.0271599292755,0
0.0170600414276,0
0.0333490371704,0
0.0136711597443,0
0.0070161819458,0
0.0345840454102,0
0.0223820209503,0
0.0423350334167,0
0.0343639850616,0
0.0345711708069,0
0.00744390487671,0
0.129895925522,1
0.127246856689,1
0.105642080307,1
0.12295293808,1
0.114819049835,1
0.106672048569,1
0.107178926468,1
0.0190351009369,0
0.0423541069031,0
0.0866630077362,0
0.00226497650146,0
0.0317888259888,0
0.00927996635437,0
0.0183310508728,0
0.0262489318848,0
0.0227031707764,0
0.00223994255066,0
0.00954985618591,0
0.0216898918152,0
0.122841835022,1
0.122973918915,1
0.125420808792,1
0.172234773636,1
0.162518978119,1
0.125528812408,1
0.123842954636,1
0.120942831039,1
0.127924919128,1
0.128618955612,1
0.123706817627,1
0.133748054504,1
0.126796007156,1
0.0229771137238,0
0.0166819095612,0
0.0227599143982,0
0.0155761241913,0
0.0246059894562,0
0.0229108333588,0
0.0347709655762,0
0.00716805458069,0
0.020674943924,0
0.0155370235443,0
0.0326609611511,0
0.0274331569672,0
0.129910945892,1
0.109006881714,1
0.111131906509,1
0.121701002121,1
0.115494728088,1
0.110947847366,1
0.155087947845,1
0.129944086075,1
0.120421886444,1
0.0954759120941,1
0.122895956039,1
0.0151090621948,0
0.0288140773773,0
0.0295770168304,0
0.0239179134369,0
0.0285179615021,0
0.0297250747681,0
0.0181369781494,0
0.126956939697,1
0.114263772964,1
0.113815784454,1
0.118618011475,1
0.115352869034,1
0.126555919647,1
0.121599912643,1
0.133013725281,1
0.117199897766,1
0.14522600174,1
0.0948710441589,1
0.126493930817,1
0.155452013016,1
0.125426054001,1
0.0321300029755,0
0.013692855835,0
0.0148751735687,0
0.0245270729065,0
0.0301270484924,0
0.0350999832153,0
0.133802890778,1
0.121147871017,1
0.10022687912,1
0.130927801132,1
0.112727880478,1
0.109297037125,1
0.125805854797,1
0.150573015213,1
0.12392783165,1
0.113164901733,1
0.123425006866,1
0.105195045471,1
0.118780851364,1
0.131579875946,1
0.126579761505,1
0.113728761673,1
0.146138906479,1
0.111613035202,1
0.030256986618,0
0.0263969898224,0
0.031466960907,0
0.0280549526215,0
0.00399303436279,0
0.0176041126251,0
0.0128221511841,0
0.0155398845673,0
0.034795999527,0
0.0260901451111,0
0.0372040271759,0
0.0263431072235,0
0.0463011264801,0
0.0276758670807,0
0.027822971344,0
0.0289821624756,0
0.0256249904633,0
0.119276046753,1
0.124003887177,1
0.118262767792,1
0.129416942596,1
0.110269069672,1
0.125831842422,1
0.108711004257,1
0.105430841446,1
0.112370967865,1
0.13486289978,1
0.110076904297,1
0.0235028266907,0
0.0116181373596,0
0.0233929157257,0
0.0234441757202,0
0.0307030677795,0
0.0301010608673,0
0.0117330551147,0
0.0038628578186,0
0.00750303268433,0
0.0260450839996,0
0.0268521308899,0
0.0240030288696,0
0.0696489810944,0
0.0154049396515,0
0.030543088913,0
0.131188869476,1
0.115869045258,1
0.123735904694,1
0.104295015335,1
0.119534015656,1
0.140261888504,1
0.121424913406,1
0.129475831985,1
0.106767892838,1
0.142861843109,1
0.107659816742,1
0.110889911652,1
0.14610004425,1
0.135479927063,1
0.10169172287,1
0.110009908676,1
0.105367898941,1
0.11222076416,1
0.0221328735352,0
0.0136289596558,0
0.00736498832703,0
0.0325100421906,0
0.0225281715393,0
0.0302841663361,0
0.0276780128479,0
0.0256850719452,0
0.00340604782104,0
0.0285379886627,0
0.0212378501892,0
0.0374958515167,0
0.141031980515,1
0.125971078873,1
0.0939040184021,1
0.169543027878,1
0.128616809845,1
0.13227891922,1
0.103003025055,1
0.117207765579,1
0.0946388244629,1
0.120419979095,1
0.145227909088,1
0.0230870246887,0
0.0352041721344,0
0.00454592704773,0
0.010302066803,0
0.0117380619049,0
0.00546908378601,0
0.0238401889801,0
0.0179200172424,0
0.0289680957794,0
0.000219106674194,0
0.094596862793,1
0.11322593689,1
0.0967297554016,1
0.123582839966,1
0.132663726807,1
0.10521697998,1
0.130317687988,1
0.124361038208,1
0.12088394165,1
0.120124101639,1
0.00198197364807,0
0.0148830413818,0
0.00646901130676,0
0.0219619274139,0
0.0300838947296,0
0.0236101150513,0
0.0131831169128,0
0.0236749649048,0
0.0188779830933,0
0.0218667984009,0
0.01051902771,0
0.0199520587921,0
0.0312011241913,0
0.126050949097,1
0.131120920181,1
0.119914770126,1
0.127534866333,1
0.108622789383,1
0.114485740662,1
0.120308876038,1
0.118594884872,1
0.125718832016,1
0.114954710007,1
0.0750377178192,1
0.119537830353,1
0.130929708481,1
0.127740859985,1
0.109096765518,1
0.121619701385,1
0.107162714005,1
0.121545791626,1
0.10414981842,1
0.103905677795,1
0.00753712654114,0
0.0311210155487,0
0.0213360786438,0
0.0440299510956,0
0.027510881424,0
0.0268380641937,0
0.026515007019,0
0.0227069854736,0
0.0122950077057,0
0.0217869281769,0
0.072291135788,0
0.0233509540558,0
0.0345191955566,0
0.00637722015381,0
0.0292179584503,0
0.00348401069641,0
0.0131559371948,0
0.123191833496,1
0.134051799774,1
0.133011817932,1
0.127511978149,1
0.10319185257,1
0.107264757156,1
0.13158082962,1
0.102601051331,1
0.114295959473,1
0.101378917694,1
0.116219758987,1
0.107274055481,1
0.0995979309082,1
0.025817155838,0
0.0346529483795,0
0.0264849662781,0
0.0231690406799,0
0.0235300064087,0
0.0227088928223,0
0.0222229957581,0
0.00399088859558,0
0.0258259773254,0
0.00579500198364,0
0.00405597686768,0
0.0318069458008,0
0.032623052597,0
0.00727891921997,0
0.0228791236877,0
0.0890598297119,1
0.118669033051,1
0.0949618816376,1
0.156097888947,1
0.137104034424,1
0.117592096329,1
0.126815795898,1
0.125784873962,1
0.11558675766,1
0.134221792221,1
0.104681968689,1
0.113493919373,1
0.107789754868,1
0.0381989479065,0
0.0343968868256,0
0.0113492012024,0
0.019406080246,0
0.0286989212036,0
0.0163810253143,0
0.0111999511719,0
0.0236051082611,0
0.0345869064331,0
0.00647401809692,0
0.0297901630402,0
0.0261900424957,0
0.0231058597565,0
0.0307099819183,0
0.132571935654,1
0.130802869797,1
0.12778377533,1
0.117370843887,1
0.118551969528,1
0.111910104752,1
0.121681928635,1
0.130996704102,1
0.139064073563,1
0.114148855209,1
0.126562833786,1
0.116318941116,1
0.108736753464,1
0.123528957367,1
0.126915693283,1
0.00856804847717,0
0.0229449272156,0
0.0145421028137,0
0.0311241149902,0
0.00916290283203,0
0.0326888561249,0
0.0277791023254,0
0.00309801101685,0
0.00682497024536,0
0.0376651287079,0
0.107984781265,1
0.133999824524,1
0.130148887634,1
0.105985879898,1
0.120121002197,1
0.133725881577,1
0.106416940689,1
0.127193927765,1
0.0284779071808,0
0.000994920730591,0
0.0191910266876,0
0.0150799751282,0
0.0241918563843,0
0.0262050628662,0
0.0281400680542,0
0.0105090141296,0
0.0233039855957,0
0.0274930000305,0
0.0326709747314,0
0.0318999290466,0
0.118052721024,1
0.107159852982,1
0.121034860611,1
0.102560043335,1
0.120712041855,1
0.129065990448,1
0.119570016861,1
0.11060500145,1
0.109934806824,1
0.126106023788,1
0.119014024734,1
0.126904964447,1
0.128442764282,1
0.0139870643616,0
0.0315320491791,0
0.00554490089417,0
0.0330410003662,0
0.0106420516968,0
0.033607006073,0
0.0326869487762,0
0.00572085380554,0
0.0279200077057,0
0.025306224823,0
0.128108024597,1
0.115426063538,1
0.129564762115,1
0.121766805649,1
0.137891769409,1
0.130722999573,1
0.125465869904,1
0.111523866653,1
0.127223968506,1
0.127975940704,1
0.101927995682,1
0.127374887466,1
0.126673936844,1
0.000885009765625,0
0.0170161724091,0
0.0230669975281,0
0.0232450962067,0
0.00426197052002,0
0.0322840213776,0
0.00745487213135,0
0.00981712341309,0
0.0301480293274,0
0.0308799743652,0
0.0294041633606,0
0.0894169807434,1
0.110152006149,1
0.133522987366,1
0.105736970901,1
0.156881809235,1
0.125504016876,1
0.105554819107,1
0.12664270401,1
0.131597995758,1
0.111013889313,1
0.133289813995,1
0.131186962128,1
0.11963891983,1
0.011116027832,0
0.000301837921143,0
0.030314207077,0
0.0317959785461,0
0.0266199111938,0
0.0117990970612,0
0.00143384933472,0
0.0176999568939,0
0.0277659893036,0
0.110290050507,1
0.127907752991,1
0.131534814835,1
0.114861011505,1
0.122523784637,1
0.101187944412,1
0.0945000648499,1
0.119708776474,1
0.109522819519,1
0.125889778137,1
0.139544010162,1
0.145126819611,1
0.119385719299,1
0.00538492202759,0
0.0180358886719,0
0.026447057724,0
0.0181300640106,0
0.0342180728912,0
0.02281498909,0
0.0298981666565,0
0.019345998764,0
0.0314130783081,0
0.0177888870239,0
0.031270980835,0
0.025768995285,0
0.0186810493469,0
0.13814496994,1
0.146684885025,1
0.10984992981,1
0.120262861252,1
0.127663850784,1
0.132997989655,1
0.11406993866,1
0.129083871841,1
0.114953041077,1
0.0990428924561,1
0.121803998947,1
0.123511075974,1
0.121309995651,1
0.111184835434,1
0.0887970924377,1
0.117228984833,1
0.114698886871,1
0.100215911865,1
0.0303378105164,0
0.0180218219757,0
0.0284130573273,0
0.0341699123383,0
0.0304820537567,0
0.0397210121155,0
0.00213003158569,0
0.010381937027,0
0.0152649879456,0
0.023029088974,0
0.00882601737976,0
0.134028911591,1
0.124494791031,1
0.107967853546,1
0.123008966446,1
0.12554693222,1
0.0375599861145,0
0.0262250900269,0
0.0119600296021,0
0.0336608886719,0
0.0364871025085,0
0.0394198894501,0
0.0230920314789,0
0.0281920433044,0
0.0208508968353,0
0.0959198474884,1
0.116477012634,1
0.124881744385,1
0.11269402504,1
0.124319791794,1
0.104602813721,1
0.127192974091,1
0.123034954071,1
0.109767913818,1
0.108674049377,1
0.1083548069,1
0.0088050365448,0
0.0243260860443,0
0.0344898700714,0
0.00308299064636,0
0.0255601406097,0
0.0095911026001,0
0.0321860313416,0
0.0320720672607,0
0.00350403785706,0
0.0291419029236,0
0.0276131629944,0
0.0172970294952,0
0.122169971466,1
0.125483036041,1
0.128877878189,1
0.224990844727,1
0.126130819321,1
0.124078035355,1
0.104801893234,1
0.135939836502,1
0.112862825394,1
0.112014770508,1
0.108325958252,1
0.134258747101,1
0.134426832199,1
0.0223360061646,0
0.021703004837,0
0.011116027832,0
0.0254762172699,0
0.0074360370636,0
0.00990605354309,0
0.00874209403992,0
0.0144591331482,0
0.0261659622192,0
0.0263931751251,0
0.0246520042419,0
0.0962748527527,1
0.126265048981,1
0.128252983093,1
0.122378826141,1
0.0964930057526,1
0.10150885582,1
0.128889083862,1
0.1026699543,1
0.114455938339,1
0.136867761612,1
0.190224885941,1
0.110767841339,1
0.117925882339,1
0.123615980148,1
0.118707895279,1
0.122988939285,1
0.111536979675,1
0.104985952377,1
0.0319969654083,0
0.0283370018005,0
0.0250601768494,0
0.0306589603424,0
0.031564950943,0
0.0240771770477,0
0.0304200649261,0
0.0242879390717,0
0.03098487854,0
0.0125238895416,0
0.0159640312195,0
0.0204591751099,0
0.0151360034943,0
0.0207130908966,0
0.0112321376801,0
0.00113797187805,0
0.00517082214355,0
0.125087022781,1
0.109722852707,1
0.101074934006,1
0.138625860214,1
0.114012718201,1
0.121214866638,1
0.123380899429,1
0.103076934814,1
0.167349815369,1
0.125275850296,1
0.100436925888,1
0.139969825745,1
0.144180059433,1
0.118632078171,1
0.0130259990692,0
0.00620913505554,0
0.0341689586639,0
0.0337779521942,0
0.0234179496765,0
0.0247647762299,0
0.187149047852,1
0.165636777878,1
0.137024879456,1
0.121915817261,1
0.122040748596,1
0.128192901611,1
0.0898678302765,1
0.118120908737,1
0.123970985413,1
0.131801843643,1
0.105232954025,1
0.11932182312,1
0.125434875488,1
0.129745960236,1
0.123510122299,1
0.12655377388,1
0.111464977264,1
0.123886823654,1
0.12709403038,1
0.109372854233,1
0.131991863251,1
0.128078937531,1
0.141987800598,1
0.0207719802856,0
0.0119531154633,0
0.0305910110474,0
0.041916847229,0
0.00123000144958,0
0.0242650508881,0
0.0182070732117,0
0.0105888843536,0
0.0159628391266,0
0.0299780368805,0
0.00928616523743,0
0.145946025848,1
0.114593982697,1
0.13241481781,1
0.109012842178,1
0.131353855133,1
0.108313798904,1
0.102626085281,1
0.124690055847,1
0.0887241363525,1
0.108974933624,1
0.120140075684,1
0.0286509990692,0
0.0239510536194,0
0.0224280357361,0
0.0274569988251,0
0.0370581150055,0
0.0454988479614,0
0.0216388702393,0
0.0104439258575,0
0.0186948776245,0
0.0261650085449,0
0.0176520347595,0
0.0307130813599,0
0.0240390300751,0
0.130332946777,1
0.116627931595,1
0.118197917938,1
0.123909950256,1
0.118069887161,1
0.117713928223,1
0.124059915543,1
0.118710041046,1
0.121727705002,1
0.114505767822,1
0.146622896194,1
0.171416044235,1
0.153300762177,1
0.148655891418,1
0.126143932343,1
0.139364004135,1
0.135396718979,1
0.156831979752,1
0.122411966324,1
0.0257680416107,0
0.0174729824066,0
0.0348851680756,0
0.0280599594116,0
0.0304539203644,0
0.0397639274597,0
0.00893902778625,0
0.0277738571167,0
0.0297231674194,0
0.0221698284149,0
0.00867581367493,0
0.126477956772,1
0.126008033752,1
0.119181871414,1
0.119077920914,1
0.146248817444,1
0.109383821487,1
0.119347810745,1
0.107186079025,1
0.109232902527,1
0.131655931473,1
0.128967761993,1
0.127863883972,1
0.137365818024,1
0.118766784668,1
0.166688919067,1
0.107717990875,1
0.123164892197,1
0.126379013062,1
0.11999297142,1
0.132380723953,1
0.0181229114532,0
0.0219488143921,0
0.0298659801483,0
0.0307478904724,0
0.031690120697,0
0.00092077255249,0
0.0350298881531,0
0.00296211242676,0
0.0209081172943,0
0.0445771217346,0
0.0300350189209,0
0.0269749164581,0
0.127024888992,1
0.133600950241,1
0.121788978577,1
0.113156080246,1
0.111156702042,1
0.110197782516,1
0.12194776535,1
0.103142976761,1
0.118893861771,1
0.122825860977,1
0.128780841827,1
0.129726886749,1
0.130297899246,1
0.131660938263,1
0.116447925568,1
0.112691879272,1
0.0335209369659,0
0.0228419303894,0
0.0295381546021,0
0.0237891674042,0
0.0149731636047,0
0.00108313560486,0
0.0504629611969,0
0.0250430107117,0
0.0347788333893,0
0.00709915161133,0
0.0212349891663,0
0.0202889442444,0
0.0949420928955,1
0.10359787941,1
0.125838756561,1
0.106967926025,1
0.129133939743,1
0.12162399292,1
0.129276990891,1
0.0346200466156,0
0.0103631019592,0
0.000674962997437,0
0.00132298469543,0
0.0241038799286,0
0.0102429389954,0
0.0255568027496,0
0.017058134079,0
0.0342991352081,0
0.0470759868622,0
0.0337269306183,0
0.0562570095062,0
0.133553981781,1
0.0993340015411,1
0.115499019623,1
0.11838889122,1
0.129354953766,1
0.105237007141,1
0.113544940948,1
0.133372783661,1
0.130700826645,1
0.131931066513,1
0.117658853531,1
0.122334003448,1
0.126836776733,1
0.0251989364624,0
0.0099790096283,0
0.0189309120178,0
0.0148708820343,0
0.000519037246704,0
0.0180671215057,0
0.0236611366272,0
0.0217130184174,0
0.0141701698303,0
0.0342500209808,0
0.0215990543365,0
0.0103740692139,0
0.00845098495483,0
0.0197491645813,0
0.130668878555,1
0.137407779694,1
0.11954498291,1
0.100059986115,1
0.131427049637,1
0.0907700061798,1
0.130568981171,1
0.137666940689,1
0.0885398387909,1
0.124136686325,1
0.122557878494,1
0.126408815384,1
0.112477779388,1
0.124507904053,1
0.101943016052,1
0.129192829132,1
0.124648809433,1
0.109585762024,1
0.105068922043,1
0.0281479358673,0
0.00928688049316,0
0.0107500553131,0
0.0142529010773,0
0.0158760547638,0
0.0195529460907,0
0.013267993927,0
0.0111269950867,0
0.0028121471405,0
0.0263149738312,0
0.00963592529297,0
0.0125620365143,0
0.0206158161163,0
0.0982568264008,1
0.122083902359,1
0.186923027039,1
0.133935928345,1
0.11887383461,1
0.117824792862,1
0.125455856323,1
0.131498813629,1
0.12738776207,1
0.115043878555,1
0.119389057159,1
0.116055965424,1
0.129651069641,1
0.109159708023,1
0.118434906006,1
0.10225892067,1
0.136584997177,1
0.127262830734,1
0.101286888123,1
0.0249679088593,0
0.0115489959717,0
0.00536704063416,0
0.0158689022064,0
0.0116541385651,0
0.0312080383301,0
0.0197122097015,0
0.034744977951,0
0.0170531272888,0
0.0325348377228,0
0.113795995712,1
0.130475759506,1
0.110642910004,1
0.118772983551,1
0.101203918457,1
0.133511066437,1
0.129115819931,1
0.156495809555,1
0.124482870102,1
0.125634908676,1
0.117447853088,1
0.0937447547913,1
0.101718902588,1
0.153075933456,1
0.125675916672,1
0.117684841156,1
0.113687992096,1
0.104491949081,1
0.113020896912,1
0.0372161865234,0
0.0275509357452,0
0.0186009407043,0
0.0245780944824,0
0.0266489982605,0
0.0131390094757,0
0.0261969566345,0
0.0304570198059,0
0.00357508659363,0
0.0138490200043,0
0.0133290290833,0
0.00510692596436,0
0.0232708454132,0
0.129513978958,1
0.131186723709,1
0.147682905197,1
0.118566036224,1
0.105535984039,1
0.117771863937,1
0.123462915421,1
0.0113120079041,0
0.00375986099243,0
0.0340139865875,0
0.0250039100647,0
0.0177938938141,0
0.0255699157715,0
0.040442943573,0
0.0385508537292,0
0.0256049633026,0
0.0325930118561,0
0.0317320823669,0
0.00131297111511,0
0.0178971290588,0
0.0200529098511,0
0.134219884872,1
0.122417926788,1
0.132926940918,1
0.128512859344,1
0.116418838501,1
0.104775905609,1
0.126223802567,1
0.129842996597,1
0.120394945145,1
0.113719940186,1
0.126693964005,1
0.137413024902,1
0.125737905502,1
0.132812976837,1
0.114729881287,1
0.131790876389,1
0.109846830368,1
0.12607884407,1
0.110831975937,1
0.117734909058,1
0.0281889438629,0
0.0329871177673,0
0.0232300758362,0
0.0296549797058,0
0.054220199585,0
0.026141166687,0
0.0270240306854,0
0.0305979251862,0
0.0226149559021,0
0.0203061103821,0
0.0170130729675,0
0.00532007217407,0
0.0283210277557,0
0.0244088172913,0
0.0129511356354,0
0.122554063797,1
0.09996509552,1
0.109815835953,1
0.122878074646,1
0.164905786514,1
0.124444961548,1
0.130905866623,1
0.123302936554,1
0.122282028198,1
0.0988869667053,1
0.119606971741,1
0.117246866226,1
0.106938838959,1
0.0107691287994,0
0.0263071060181,0
0.029620885849,0
0.0247321128845,0
0.0240759849548,0
0.000183820724487,0
0.0387041568756,0
0.0262610912323,0
0.0136079788208,0
0.0145709514618,0
0.0338478088379,0
0.0219869613647,0
0.128541946411,1
0.102355003357,1
0.140571117401,1
0.136168003082,1
0.129049777985,1
0.120673894882,1
0.137654781342,1
0.125859737396,1
0.110561847687,1
0.128780841827,1
0.13027882576,1
0.112077951431,1
0.0933578014374,1
0.106786727905,1
0.141248941422,1
0.0237329006195,0
0.00675415992737,0
0.0334351062775,0
0.00734806060791,0
0.0246829986572,0
0.015077829361,0
0.0146250724792,0
0.0139980316162,0
0.00635313987732,0
0.0404939651489,0
0.0334069728851,0
0.0222871303558,0
0.0257730484009,0
0.0175309181213,0
0.0234529972076,0
0.0325331687927,0
0.0362951755524,0
0.0253818035126,0
0.102439880371,1
0.117878913879,1
0.105577945709,1
0.113432884216,1
0.126309871674,1
0.140769720078,1
0.204023838043,1
0.121474981308,1
0.114015817642,1
0.128844738007,1
0.0368669033051,0
0.00454306602478,0
0.0377469062805,0
0.00672507286072,0
0.0250930786133,0
0.0337648391724,0
0.00750303268433,0
0.0533499717712,0
0.0226898193359,0
0.0297770500183,0
0.0159499645233,0
0.12762093544,1
0.126709938049,1
0.117406845093,1
0.0996098518372,1
0.127877950668,1
0.133806943893,1
0.119683980942,1
0.113877773285,1
0.129243850708,1
0.103630781174,1
0.122748851776,1
0.133433818817,1
0.12494802475,1
0.125706911087,1
0.118166923523,1
0.118995904922,1
0.0182251930237,0
0.0320250988007,0
0.00968408584595,0
0.00594019889832,0
0.0408430099487,0
0.00716400146484,0
0.0225138664246,0
0.0396790504456,0
0.0106880664825,0
0.0531449317932,0
0.0266189575195,0
0.143303871155,1
0.132113695145,1
0.12183880806,1
0.127466917038,1
0.126565933228,1
0.118683099747,1
0.131521940231,1
0.118491888046,1
0.121718883514,1
0.134869813919,1
0.112374067307,1
0.131397008896,1
0.0119338035583,0
0.0399560928345,0
0.025749206543,0
0.0311539173126,0
0.0253758430481,0
0.0249090194702,0
0.0304019451141,0
0.0310370922089,0
0.0166318416595,0
0.0202829837799,0
0.0246939659119,0
0.0148780345917,0
0.124722957611,1
0.131535768509,1
0.123590946198,1
0.126759052277,1
0.121943950653,1
0.12970495224,1
0.10878276825,1
0.103427886963,1
0.12997174263,1
0.109158992767,1
0.125356912613,1
0.130779981613,1
0.122540950775,1
0.103658914566,1
0.126394987106,1
0.0579349994659,0
0.0228569507599,0
0.00246810913086,0
0.0265669822693,0
0.00914692878723,0
0.0173017978668,0
0.0394539833069,0
0.0328731536865,0
0.00650000572205,0
0.0200500488281,0
0.0323691368103,0
0.0215919017792,0
0.0330009460449,0
0.0323498249054,0
0.11510682106,1
0.128277778625,1
0.127814769745,1
0.158422708511,1
0.161566972733,1
0.142265081406,1
0.116008758545,1
0.126698970795,1
0.114670991898,1
0.112910985947,1
0.131505966187,1
0.106204986572,1
0.00789093971252,0
0.0309720039368,0
0.00952100753784,0
0.0123929977417,0
0.020350933075,0
0.0196740627289,0
0.00929808616638,0
0.0219259262085,0
0.0194270610809,0
0.0213799476624,0
0.0186820030212,0
0.022383928299,0
0.0343089103699,0
0.109741926193,1
0.103667020798,1
0.113276958466,1
0.122717857361,1
0.108967065811,1
0.130998134613,1
0.119521856308,1
0.123391866684,1
0.115611791611,1
0.0933990478516,1
0.130083799362,1
0.120354890823,1
0.134944915771,1
0.117439985275,1
0.12575674057,1
0.134268760681,1
0.118651866913,1
0.124599933624,1
0.109390735626,1
0.115399837494,1
0.134126901627,1
0.117590904236,1
0.0279150009155,0
0.0201811790466,0
0.00997686386108,0
0.017021894455,0
0.0137000083923,0
0.0214521884918,0
0.0164861679077,0
0.0356109142303,0
0.0346820354462,0
0.0285000801086,0
0.0207509994507,0
0.0356159210205,0
0.121810913086,1
0.125612020493,1
0.102739810944,1
0.131663799286,1
0.113740921021,1
0.118301868439,1
0.136268854141,1
0.125437736511,1
0.112536907196,1
0.118395090103,1
0.127439975739,1
0.129750967026,1
0.147542953491,1
0.118870735168,1
0.127569913864,1
0.0389819145203,0
0.0256462097168,0
0.0260961055756,0
0.0222330093384,0
0.00170207023621,0
0.0183680057526,0
0.0100979804993,0
0.0143699645996,0
0.00754284858704,0
0.122177839279,1
0.124902963638,1
0.109097003937,1
0.146493911743,1
0.094055891037,1
0.124835968018,1
0.0923588275909,1
0.112009048462,1
0.12760591507,1
0.120018005371,1
0.117786884308,1
0.0316359996796,0
0.00984215736389,0
0.0124530792236,0
0.0163431167603,0
0.00749397277832,0
0.0188820362091,0
0.0291268825531,0
0.00359106063843,0
0.0296218395233,0
0.029853105545,0
0.0317480564117,0
0.0180959701538,0
0.12589597702,1
0.113632917404,1
0.110748052597,1
0.129336833954,1
0.1225669384,1
0.104763746262,1
0.107248783112,1
0.159483909607,1
0.101258993149,1
0.118896722794,1
0.120627880096,1
0.0996110439301,1
0.134966850281,1
0.0184261798859,0
0.0301361083984,0
0.0266528129578,0
0.022313117981,0
0.0176258087158,0
0.0198850631714,0
0.0212359428406,0
0.0210399627686,0
0.0274171829224,0
0.0258309841156,0
0.0246670246124,0
0.0214879512787,0
0.0369780063629,0
0.0232608318329,0
0.022794008255,0
0.0178170204163,0
0.114289045334,1
0.128631830215,1
0.1109187603,1
0.112725734711,1
0.103083848953,1
0.114736795425,1
0.119109869003,1
0.103532791138,1
0.111538887024,1
0.116113901138,1
0.126284837723,1
0.0196738243103,0
0.0107910633087,0
0.0293231010437,0
0.0357458591461,0
0.0357429981232,0
1.19209289551e-05,0
0.0280621051788,0
0.0280129909515,0
0.143316984177,1
0.118168830872,1
0.116177797318,1
0.135705709457,1
0.107542037964,1
0.120394945145,1
0.125094890594,1
0.028018951416,0
0.0164430141449,0
0.0298459529877,0
0.0226678848267,0
0.00682282447815,0
0.0230979919434,0
0.0221478939056,0
0.0263209342957,0
0.0265161991119,0
0.0177941322327,0
0.0260360240936,0
0.0265879631042,0
0.0168318748474,0
0.021301984787,0
0.0379979610443,0
0.0292599201202,0
0.026437997818,0
0.0159990787506,0
0.113438129425,1
0.127928972244,1
0.12984085083,1
0.123929977417,1
0.0961418151855,1
0.107048034668,1
0.0945088863373,1
0.121752977371,1
0.129104852676,1
0.106283903122,1
0.112091779709,1
0.100450992584,1
0.00768899917603,0
0.0220830440521,0
0.0185539722443,0
0.0417327880859,0
0.0409469604492,0
0.0143890380859,0
0.0061571598053,0
0.0236690044403,0
0.0405099391937,0
0.0152609348297,0
0.104442834854,1
0.122104883194,1
0.129521846771,1
0.125361919403,1
0.1060090065,1
0.117705821991,1
0.109720945358,1
0.108878850937,1
0.137670993805,1
0.107147693634,1
0.122842073441,1
0.108836889267,1
0.11775970459,1
0.0286691188812,0
0.00697994232178,0
0.0148229598999,0
0.00867009162903,0
0.0292081832886,0
0.0269029140472,0
0.0211081504822,0
0.0300579071045,0
0.0233969688416,0
0.0268850326538,0
0.0232398509979,0
0.0240240097046,0
0.0244250297546,0
0.027881860733,0
0.0199391841888,0
0.0211720466614,0
0.123165845871,1
0.112460851669,1
0.113766908646,1
0.111182928085,1
0.108173847198,1
0.122280836105,1
0.144101858139,1
0.110218763351,1
0.132316112518,1
0.12762093544,1
0.104872941971,1
0.108728885651,1
0.130075931549,1
0.12590098381,1
0.132934808731,1
0.122950077057,1
0.00576305389404,0
0.0226628780365,0
0.0115449428558,0
0.0302441120148,0
0.0273249149323,0
0.0190250873566,0
0.0166239738464,0
0.00401091575623,0
0.00568413734436,0
0.00224900245667,0
0.0183498859406,0
0.112146854401,1
0.125739812851,1
0.118246793747,1
0.114513874054,1
0.122331857681,1
0.120687961578,1
0.143648862839,1
0.102798700333,1
0.110704898834,1
0.134305953979,1
0.101012706757,1
0.142374753952,1
0.140998840332,1
0.121262788773,1
0.026153087616,0
0.0252339839935,0
0.00774908065796,0
0.0368599891663,0
0.0237510204315,0
0.0308010578156,0
0.0132920742035,0
0.0062940120697,0
0.00341296195984,0
0.0335059165955,0
0.0341138839722,0
0.0021378993988,0
0.0272581577301,0
0.0230600833893,0
0.00915598869324,0
0.118144035339,1
0.110539913177,1
0.125281095505,1
0.121714830399,1
0.100859880447,1
0.114525794983,1
0.1072909832,1
0.131849050522,1
0.127117872238,1
0.123687982559,1
0.127200841904,1
0.121818780899,1
0.114000082016,1
0.120146751404,1
0.122340917587,1
0.134514808655,1
0.0214400291443,0
0.0134921073914,0
0.0262470245361,0
0.00433897972107,0
0.0199019908905,0
0.0107550621033,0
0.0103499889374,0
0.15102481842,1
0.137370824814,1
0.0830488204956,1
0.12239408493,1
0.120929002762,1
0.102430820465,1
0.114957809448,1
0.132007837296,1
0.128362894058,1
0.0959868431091,1
0.105927944183,1
0.127210855484,1
0.122006893158,1
0.127959728241,1
0.127174854279,1
0.123614788055,1
0.028627872467,0
0.0220189094543,0
0.0188908576965,0
0.0184328556061,0
0.0367510318756,0
0.0272648334503,0
0.0345990657806,0
0.127629756927,1
0.137495994568,1
0.128567934036,1
0.126817941666,1
0.132816791534,1
0.108158826828,1
0.124794960022,1
0.105587720871,1
0.107707738876,1
0.127583742142,1
0.121481895447,1
0.104939937592,1
0.118321895599,1
0.110212802887,1
0.0338950157166,0
0.0252611637115,0
0.046895980835,0
0.0498881340027,0
0.023227930069,0
0.0418009757996,0
0.00915908813477,0
0.117343902588,1
0.130018949509,1
0.12969493866,1
0.120725870132,1
0.186769962311,1
0.134569883347,1
0.110132694244,1
0.131139993668,1
0.103276729584,1
0.110931873322,1
0.133757829666,1
0.10152888298,1
0.0256500244141,0
0.0196168422699,0
0.0357987880707,0
0.0392591953278,0
0.033980846405,0
0.0189669132233,0
0.0312268733978,0
0.00270295143127,0
0.00772976875305,0
0.0293040275574,0
0.0355968475342,0
0.0297410488129,0
0.133345842361,1
0.12554192543,1
0.103837966919,1
0.104255914688,1
0.105155944824,1
0.130411863327,1
0.108225107193,1
0.114470720291,1
0.0871739387512,1
0.124924898148,1
0.117058992386,1
0.128161907196,1
0.0988488197327,1
0.0109062194824,0
0.0201990604401,0
0.000445127487183,0
0.0354681015015,0
0.0220341682434,0
0.00221180915833,0
0.0929727554321,1
0.103523731232,1
0.124768018723,1
0.121641874313,1
0.104484796524,1
0.135564088821,1
0.118497848511,1
0.11642408371,1
0.109685897827,1
0.132529020309,1
0.107860803604,1
0.124465942383,1
0.115576028824,1
0.114656925201,1
0.0959138870239,1
0.102777957916,1
0.122272014618,1
0.142385721207,1
0.138574838638,1
0.00450706481934,0
0.0148530006409,0
0.000789165496826,0
0.0182061195374,0
0.0272479057312,0
0.0146579742432,0
0.0224101543427,0
0.038666009903,0
0.0259890556335,0
0.0219149589539,0
0.0140678882599,0
0.0304749011993,0
0.00834012031555,0
0.00731897354126,0
0.03080701828,0
0.120815038681,1
0.112155914307,1
0.109553813934,1
0.111320018768,1
0.109273910522,1
0.140555858612,1
0.12095284462,1
0.129211902618,1
0.13522195816,1
0.118792057037,1
0.115491867065,1
0.118021965027,1
0.122889995575,1
0.121956825256,1
0.125330924988,1
0.12703204155,1
0.12362909317,1
0.101491928101,1
0.129423856735,1
0.125557899475,1
0.0181269645691,0
0.0112068653107,0
0.0306260585785,0
0.0419850349426,0
0.0194110870361,0
0.0374639034271,0
0.0164890289307,0
0.0221691131592,0
0.0353631973267,0
0.0273609161377,0
0.00281500816345,0
0.0297141075134,0
0.0128309726715,0
0.110467910767,1
0.130980968475,1
0.130118846893,1
0.119740009308,1
0.141380786896,1
0.124730825424,1
0.125453948975,1
0.110117912292,1
0.107491970062,1
0.132303953171,1
0.104979753494,1
0.1354367733,1
0.113310813904,1
0.149953842163,1
0.121931791306,1
0.0267457962036,0
0.0302319526672,0
0.025218963623,0
0.0217688083649,0
0.000756978988647,0
0.0282690525055,0
0.0296831130981,0
0.0336499214172,0
0.0148279666901,0
0.0304169654846,0
0.123215913773,1
0.119332790375,1
0.135287761688,1
0.135015964508,1
0.149386882782,1
0.137697935104,1
0.135421991348,1
0.114691019058,1
0.136374950409,1
0.125633001328,1
0.118427991867,1
0.125590085983,1
0.105467796326,1
0.117732048035,1
0.104948043823,1
0.117265701294,1
0.135979890823,1
0.121425867081,1
0.143452882767,1
0.131992816925,1
0.00772500038147,0
0.0226838588715,0
0.0261549949646,0
0.0157418251038,0
0.0263419151306,0
0.0305349826813,0
0.0676820278168,0
0.064544916153,0
0.097268819809,1
0.129706859589,1
0.111131906509,1
0.125634670258,1
0.134025812149,1
0.102174043655,1
0.119370937347,1
0.09033203125,1
0.126442909241,1
0.118098735809,1
0.118554830551,1
0.134608983994,1
0.127302885056,1
0.0185871124268,0
0.0260591506958,0
0.0183608531952,0
0.0185859203339,0
0.0268371105194,0
0.0224940776825,0
0.0336649417877,0
0.0254020690918,0
0.0142459869385,0
0.0284168720245,0
0.0379719734192,0
0.0112111568451,0
0.0146300792694,0
0.0329830646515,0
0.101812839508,1
0.109011888504,1
0.126290798187,1
0.116922855377,1
0.111598968506,1
0.1207010746,1
0.127425909042,1
0.127262830734,1
0.130695819855,1
0.125941038132,1
0.115753889084,1
0.126131772995,1
0.124141931534,1
0.0987508296967,1
0.137225866318,1
0.130757808685,1
0.118503808975,1
0.106303930283,1
0.0314290523529,0
0.0277750492096,0
0.0260581970215,0
0.0162189006805,0
0.0662961006165,0
0.075425863266,0
0.0213148593903,0
0.0306317806244,0
0.0352518558502,0
0.00200295448303,0
0.0310368537903,0
0.0273067951202,0
0.0120680332184,0
0.14732503891,1
0.122686862946,1
0.127026081085,1
0.106132984161,1
0.0886766910553,1
0.0988306999207,1
0.114711999893,1
0.107385873795,1
0.12833404541,1
0.127178907394,1
0.107043981552,1
0.0347480773926,0
0.0352468490601,0
0.0230269432068,0
0.0293660163879,0
0.0160431861877,0
0.015289068222,0
0.0228819847107,0
0.0185778141022,0
0.0728709697723,0
0.0229599475861,0
0.0134799480438,0
0.0274620056152,0
0.0152008533478,0
0.0196149349213,0
0.029590845108,0
0.116989850998,1
0.130628108978,1
0.103173971176,1
0.103097915649,1
0.126900911331,1
0.12318110466,1
0.109342813492,1
0.104148864746,1
0.121968746185,1
0.118464946747,1
0.115568876266,1
0.16042304039,1
0.119619846344,1
0.116996765137,1
0.129796028137,1
0.116984128952,1
0.115875720978,1
0.110719919205,1
0.0314779281616,0
0.02783203125,0
0.0312168598175,0
0.0252349376678,0
0.0255899429321,0
0.0232739448547,0
0.0230000019073,0
0.0315499305725,0
0.0217809677124,0
0.0146870613098,0
0.104473829269,1
0.111253976822,1
0.111640930176,1
0.109590768814,1
0.129018783569,1
0.111209869385,1
0.0721399784088,1
0.134193897247,1
0.136576890945,1
0.111597061157,1
0.122828960419,1
0.118295907974,1
0.0322470664978,0
0.0712978839874,0
0.0527560710907,0
0.00280499458313,0
0.017765045166,0
0.0177760124207,0
0.0350110530853,0
0.0103430747986,0
0.0251870155334,0
0.0111081600189,0
0.037593126297,0
0.0186040401459,0
0.0289618968964,0
0.139680862427,1
0.144110918045,1
0.124894857407,1
0.103653907776,1
0.117460727692,1
0.108978033066,1
0.108850955963,1
0.122349023819,1
0.125715017319,1
0.126386880875,1
0.140424013138,1
0.130924940109,1
0.0229680538177,0
0.0227110385895,0
0.0229051113129,0
0.0143101215363,0
0.031210899353,0
0.0081570148468,0
0.034628868103,0
0.0355858802795,0
0.0277681350708,0
0.0340161323547,0
0.0138130187988,0
0.00655102729797,0
0.000500917434692,0
0.100821733475,1
0.127880811691,1
0.110616922379,1
0.134309768677,1
0.128649950027,1
0.11371088028,1
0.1307721138,1
0.129907846451,1
0.125183820724,1
0.0160710811615,0
0.00829195976257,0
0.0297729969025,0
0.0189211368561,0
0.0282139778137,0
0.0303349494934,0
0.0305490493774,0
0.0243358612061,0
0.0180940628052,0
0.12202000618,1
0.134080886841,1
0.10547876358,1
0.136461734772,1
0.113335847855,1
0.101928949356,1
0.129430055618,1
0.12601685524,1
0.108995914459,1
0.11240696907,1
0.117563724518,1
0.119753837585,1
0.113682985306,1
0.129762887955,1
0.114454984665,1
0.126430034637,1
0.0982398986816,1
0.120434761047,1
0.0309851169586,0
0.0351319313049,0
0.0281090736389,0
0.0175399780273,0
0.0190601348877,0
0.0374760627747,0
0.0211460590363,0
0.0313339233398,0
0.00121903419495,0
0.102223873138,1
0.127801895142,1
0.104945898056,1
0.142577886581,1
0.107584953308,1
0.125079870224,1
0.117865085602,1
0.126416921616,1
0.130999803543,1
0.122100830078,1
0.123015880585,1
0.132463932037,1
0.0002760887146,0
0.0176861286163,0
0.0186262130737,0
0.0192959308624,0
0.0117979049683,0
0.0554990768433,0
0.0143611431122,0
0.0336718559265,0
0.0190689563751,0
0.127589941025,1
0.10505771637,1
0.129667043686,1
0.112651824951,1
0.124900817871,1
0.121651887894,1
0.128398895264,1
0.103686094284,1
0.130275964737,1
0.130987882614,1
0.103702783585,1
0.123553752899,1
0.138725042343,1
0.128730773926,1
0.117706775665,1
0.124180078506,1
0.136472940445,1
0.113147974014,1
0.132960796356,1
0.137604951859,1
0.112124919891,1
0.105534076691,1
0.01837682724,0
0.0274338722229,0
0.0702688694,0
0.0309751033783,0
0.0147550106049,0
0.0150611400604,0
0.00307297706604,0
0.015095949173,0
0.0230798721313,0
0.0243759155273,0
0.0300471782684,0
0.0238680839539,0
0.00979590415955,0
0.0170719623566,0
0.141808986664,1
0.133572101593,1
0.109181880951,1
0.158594846725,1
0.121527910233,1
0.124362945557,1
0.117390871048,1
0.104901790619,1
0.123619794846,1
0.119131088257,1
0.12925696373,1
0.122084856033,1
0.111085891724,1
0.140774011612,1
0.105870008469,1
0.124278783798,1
0.111371994019,1
0.0293259620667,0
0.01038813591,0
0.0316729545593,0
0.0277299880981,0
0.0369110107422,0
0.0254299640656,0
0.0134308338165,0
0.0273699760437,0
0.0304789543152,0
0.138051986694,1
0.108987092972,1
0.114865779877,1
0.129952907562,1
0.137447834015,1
0.125393867493,1
0.117895841599,1
0.11390376091,1
0.118527889252,1
0.11185503006,1
0.122232913971,1
0.11049079895,1
0.119544029236,1
0.129476070404,1
0.105247974396,1
0.120894908905,1
0.0144917964935,0
0.0232849121094,0
0.0335168838501,0
0.0364711284637,0
0.0424828529358,0
0.00162982940674,0
0.0309190750122,0
0.0372581481934,0
0.0123028755188,0
0.0281038284302,0
0.0104510784149,0
0.0122799873352,0
0.00524997711182,0
0.0189900398254,0
0.0178940296173,0
0.134792089462,1
0.123161077499,1
0.102828741074,1
0.119637966156,1
0.127113103867,1
0.11547088623,1
0.140482902527,1
0.105069875717,1
0.131947994232,1
0.109606027603,1
0.114717006683,1
0.106377840042,1
0.118084907532,1
0.123404026031,1
0.0159459114075,0
0.0531959533691,0
0.0216770172119,0
0.0199749469757,0
0.0223290920258,0
0.0256159305573,0
0.0272388458252,0
0.0223059654236,0
0.0233409404755,0
0.0226159095764,0
0.00732898712158,0
0.111994981766,1
0.130126953125,1
0.0789048671722,1
0.140482902527,1
0.113243103027,1
0.129771947861,1
0.141355037689,1
0.154173135757,1
0.131456851959,1
0.128941774368,1
0.109897851944,1
0.137873888016,1
0.0278041362762,0
0.0202510356903,0
0.025398015976,0
0.025582075119,0
0.0306279659271,0
0.0364229679108,0
0.0491979122162,0
0.039361000061,0
0.0341811180115,0
0.0226058959961,0
0.0321819782257,0
0.0265300273895,0
0.00564980506897,0
0.0139179229736,0
0.0155019760132,0
0.133358001709,1
0.133770942688,1
0.125825881958,1
0.140626907349,1
0.133015871048,1
0.107949733734,1
0.0956048965454,1
0.110663890839,1
0.157589912415,1
0.130340099335,1
0.122232913971,1
0.118073940277,1
0.0274090766907,0
0.0339970588684,0
0.0220828056335,0
0.0174851417542,0
0.0263519287109,0
0.028128862381,0
0.130333900452,1
0.10165977478,1
0.140979766846,1
0.128505945206,1
0.13437795639,1
0.110245943069,1
0.120697021484,1
0.128787994385,1
0.137546062469,1
0.111424922943,1
0.12948179245,1
0.112683057785,1
0.00274705886841,0
0.0151410102844,0
0.0112709999084,0
0.0175960063934,0
0.00277900695801,0
0.0253720283508,0
0.0370049476624,0
0.125906944275,1
0.124125957489,1
0.117080926895,1
0.140700817108,1
0.109507799149,1
0.118623018265,1
0.13386797905,1
0.122335910797,1
0.132671833038,1
0.120452880859,1
0.0264251232147,0
0.00396203994751,0
0.0261468887329,0
0.0282280445099,0
0.0207598209381,0
0.0240480899811,0
0.0029890537262,0
0.0230360031128,0
0.0196352005005,0
0.131705760956,1
0.128738880157,1
0.127880811691,1
0.105875730515,1
0.126271009445,1
0.125468015671,1
0.115257978439,1
0.123115062714,1
0.142064809799,1
0.122827768326,1
0.0934789180756,1
0.13405585289,1
0.118752002716,1
0.121119022369,1
0.119262933731,1
0.0951750278473,1
0.125566005707,1
0.115300893784,1
0.125771045685,1
0.0289490222931,0
0.00483393669128,0
0.0298640727997,0
0.0254008769989,0
0.0288400650024,0
0.0263199806213,0
0.0404601097107,0
0.0351250171661,0
0.000694036483765,0
0.0146460533142,0
0.0204789638519,0
0.0351312160492,0
0.00245404243469,0
0.00812602043152,0
0.0283980369568,0
0.00890111923218,0
0.123500823975,1
0.111845970154,1
0.0980699062347,1
0.114006996155,1
0.121841907501,1
0.131949901581,1
0.131732940674,1
0.121788740158,1
0.122531890869,1
0.139791965485,1
0.105720758438,1
0.0984349250793,1
0.131559848785,1
0.105854988098,1
0.0203940868378,0
0.0126080513,0
0.0175359249115,0
0.0273020267487,0
0.00774383544922,0
0.0256040096283,0
0.0111291408539,0
0.0117270946503,0
0.0333919525146,0
0.0265181064606,0
0.036365032196,0
0.0176410675049,0
0.101588726044,1
0.106767892838,1
0.131301879883,1
0.13104391098,1
0.11362695694,1
0.119417905807,1
0.12508893013,1
0.165879964828,1
0.0982239246368,1
0.12210392952,1
0.118924856186,1
0.030308008194,0
0.00409007072449,0
0.0241031646729,0
0.0297260284424,0
0.0299949645996,0
0.0238111019135,0
0.0299830436707,0
0.0184180736542,0
0.0311350822449,0
0.0485119819641,0
0.0312550067902,0
0.0185358524323,0
0.0254900455475,0
0.0126948356628,0
0.0274810791016,0
0.141247034073,1
0.10738492012,1
0.101607084274,1
0.127151012421,1
0.0996129512787,1
0.106911897659,1
0.137967824936,1
0.103933811188,1
0.130993843079,1
0.114012002945,1
0.106261968613,1
0.132215023041,1
0.159334897995,1
0.12446808815,1
0.116796016693,1
0.104230880737,1
0.134615898132,1
0.0688080787659,0
0.0108289718628,0
0.00216197967529,0
0.0268309116364,0
0.0353288650513,0
0.0211470127106,0
0.0271520614624,0
0.00553607940674,0
0.0344200134277,0
0.0344531536102,0
0.0223190784454,0
0.0293159484863,0
0.0119111537933,0
0.034145116806,0
0.0189881324768,0
0.124389886856,1
0.103181838989,1
0.12767791748,1
0.133239030838,1
0.127648115158,1
0.100743055344,1
0.103434801102,1
0.125831842422,1
0.107654809952,1
0.0876588821411,1
0.115993976593,1
0.107961893082,1
0.116845846176,1
0.107246875763,1
0.00510597229004,0
0.0133361816406,0
0.029158115387,0
0.00873494148254,0
0.035373210907,0
0.0367929935455,0
0.0195479393005,0
0.0333118438721,0
0.0295920372009,0
0.0146939754486,0
0.0108730792999,0
0.00594997406006,0
0.0122039318085,0
0.0254459381104,0
0.027529001236,0
0.0159809589386,0
0.0239470005035,0
0.130873918533,1
0.100239992142,1
0.133666753769,1
0.120327949524,1
0.127356767654,1
0.124826908112,1
0.122209787369,1
0.119992017746,1
0.112196922302,1
0.119966983795,1
0.136398792267,1
0.123025894165,1
0.131520986557,1
0.11785697937,1
0.157902956009,1
0.107187747955,1
0.105315923691,1
0.136207103729,1
0.116592884064,1
0.113927841187,1
0.010176897049,0
0.0364699363708,0
0.0256929397583,0
0.00723505020142,0
0.0116729736328,0
0.07581615448,0
0.0336561203003,0
0.00579190254211,0
0.0109438896179,0
0.0330159664154,0
0.0277638435364,0
0.00338101387024,0
0.0345871448517,0
0.0268270969391,0
0.00573182106018,0
0.023628950119,0
0.127029895782,1
0.132684707642,1
0.125873088837,1
0.112123966217,1
0.126952886581,1
0.119084835052,1
0.128121852875,1
0.124304056168,1
0.11573600769,1
0.125581741333,1
0.126212835312,1
0.128378868103,1
0.113219976425,1
0.0827178955078,1
0.118501901627,1
0.130947828293,1
0.111480951309,1
0.120654821396,1
0.10399889946,1
0.137252807617,1
0.142041921616,1
0.120694875717,1
0.137405872345,1
0.117514848709,1
0.155019044876,1
0.0896229743958,1
0.0277490615845,0
0.0347049236298,0
0.028783082962,0
0.0234081745148,0
0.0149009227753,0
0.00675797462463,0
0.0197730064392,0
0.120906829834,1
0.115997076035,1
0.124372959137,1
0.120882987976,1
0.0769627094269,1
0.132706880569,1
0.125862836838,1
0.100665807724,1
0.138710021973,1
0.115297079086,1
0.128508806229,1
0.12170290947,1
0.126431703568,1
0.108793973923,1
0.131353855133,1
0.0199408531189,0
0.0198030471802,0
0.0145890712738,0
0.0261709690094,0
0.0346028804779,0
0.100500822067,1
0.106064081192,1
0.123681783676,1
0.128005981445,1
0.101457834244,1
0.0986139774323,1
0.125648975372,1
0.109312057495,1
0.126067876816,1
0.115162849426,1
0.106270074844,1
0.0304360389709,0
0.0137541294098,0
0.0339708328247,0
0.0318419933319,0
0.0255470275879,0
0.020092010498,0
0.0119440555573,0
0.0347468852997,0
0.0296971797943,0
0.000840902328491,0
0.0234050750732,0
0.0345280170441,0
0.0274250507355,0
0.00788593292236,0
0.127129077911,1
0.115709066391,1
0.124317884445,1
0.104053735733,1
0.107218980789,1
0.130835056305,1
0.125865936279,1
0.128036022186,1
0.126049757004,1
0.135831832886,1
0.10688996315,1
0.127443790436,1
0.102889060974,1
0.174331903458,1
0.12531208992,1
0.123309850693,1
0.102957010269,1
0.143640756607,1
0.104581832886,1
0.114441871643,1
0.121223688126,1
0.0330400466919,0
0.0287699699402,0
0.0318520069122,0
0.0288798809052,0
0.0120980739594,0
0.0263252258301,0
0.0499360561371,0
0.0159862041473,0
0.0173590183258,0
0.0118670463562,0
0.0152590274811,0
0.0214490890503,0
0.00943398475647,0
0.00592184066772,0
0.107867002487,1
0.124099969864,1
0.122006893158,1
0.119454860687,1
0.122362852097,1
0.135036945343,1
0.104253768921,1
0.120893001556,1
0.125419855118,1
0.129276037216,1
0.122253894806,1
0.11509680748,1
0.111994743347,1
0.0211689472198,0
0.0218620300293,0
0.017646074295,0
0.0251429080963,0
0.0217261314392,0
0.0327970981598,0
0.0222709178925,0
0.0343520641327,0
0.0179810523987,0
0.0344979763031,0
0.0736780166626,0
0.0111720561981,0
0.0313799381256,0
0.0102109909058,0
0.0159990787506,0
0.0227911472321,0
0.0171689987183,0
0.0272200107574,0
0.0115718841553,0
0.0188868045807,0
0.0275700092316,0
0.0245790481567,0
0.110280752182,1
0.127872943878,1
0.134397745132,1
0.129206895828,1
0.115948915482,1
0.109623908997,1
0.159966945648,1
0.127106904984,1
0.110414028168,1
0.134396791458,1
0.153811693192,1
0.100219964981,1
0.0340549945831,0
0.0139241218567,0
0.0220849514008,0
0.0787289142609,0
0.0193138122559,0
0.0345139503479,0
0.13432598114,1
0.116156101227,1
0.108861923218,1
0.102929830551,1
0.120054960251,1
0.168659925461,1
0.131343841553,1
0.114924907684,1
0.116749763489,1
0.127771854401,1
0.124957084656,1
0.119998693466,1
0.131066799164,1
0.127696990967,1
0.117799043655,1
0.132538080215,1
0.035392999649,0
0.0182149410248,0
0.0261340141296,0
0.035523891449,0
0.030385017395,0
0.0254890918732,0
0.0209119319916,0
0.0076630115509,0
0.0229752063751,0
0.121473789215,1
0.132750749588,1
0.169794797897,1
0.103475809097,1
0.126106977463,1
0.126754760742,1
0.121532917023,1
0.117708921432,1
0.120666980743,1
0.109593868256,1
0.119730710983,1
0.112216949463,1
0.11964392662,1
0.103087902069,1
0.124157905579,1
0.127243995667,1
0.014848947525,0
0.0177080631256,0
0.0129718780518,0
0.0336668491364,0
0.00207805633545,0
0.010064125061,0
0.00530910491943,0
0.0182428359985,0
0.039088010788,0
0.0286259651184,0
0.127805948257,1
0.12455701828,1
0.119073867798,1
0.103752851486,1
0.117841959,1
0.13796210289,1
0.117839813232,1
0.119858980179,1
0.101544857025,1
0.133987903595,1
0.136807918549,1
0.116243839264,1
0.130572795868,1
0.0959439277649,1
0.130816698074,1
0.103836774826,1
0.125874757767,1
0.12552189827,1
0.0227181911469,0
0.0267820358276,0
0.0250201225281,0
0.00328683853149,0
0.0233709812164,0
0.0122299194336,0
0.100099802017,1
0.134873867035,1
0.133059978485,1
0.128094911575,1
0.108601808548,1
0.102032899857,1
0.118467092514,1
0.120426893234,1
0.112318992615,1
0.108259677887,1
0.156594991684,1
0.124583959579,1
0.122653961182,1
0.105912923813,1
0.0367679595947,0
0.0200660228729,0
0.0266499519348,0
0.00850510597229,0
0.0316338539124,0
0.0261330604553,0
0.0209889411926,0
0.0152008533478,0
0.123982906342,1
0.13919711113,1
0.109456777573,1
0.113037824631,1
0.122173786163,1
0.136224746704,1
0.132886886597,1
0.110006809235,1
0.0999591350555,1
0.111749887466,1
0.137269020081,1
0.13037276268,1
0.133277893066,1
0.125339746475,1
0.109153985977,1
0.127190828323,1
0.130055904388,1
0.12859082222,1
0.128734827042,1
0.116153001785,1
0.0225491523743,0
0.0230531692505,0
0.00477194786072,0
0.020977973938,0
0.0246579647064,0
0.0537149906158,0
0.0217950344086,0
0.027606010437,0
0.0161190032959,0
0.00726890563965,0
0.0232589244843,0
0.0160279273987,0
0.0300140380859,0
0.146564006805,1
0.129655838013,1
0.117913007736,1
0.118829011917,1
0.112952947617,1
0.124688863754,1
0.132249116898,1
0.111286878586,1
0.174698829651,1
0.0988569259644,1
0.123160839081,1
0.122735738754,1
0.133329868317,1
0.140129804611,1
0.105482816696,1
0.149307012558,1
0.122733831406,1
0.0937638282776,1
0.0991590023041,1
0.124264001846,1
0.0288789272308,0
0.0265760421753,0
0.0216112136841,0
0.00760102272034,0
0.00784111022949,0
0.02747797966,0
0.0290329456329,0
0.0143640041351,0
0.0251920223236,0
0.00748014450073,0
0.0269651412964,0
0.11404299736,1
0.105205774307,1
0.110822916031,1
0.142190933228,1
0.158936977386,1
0.125345945358,1
0.139081001282,1
0.105673074722,1
0.11542391777,1
0.118748903275,1
0.116708993912,1
0.121417045593,1
0.119117021561,1
0.105564832687,1
0.113512992859,1
0.105829715729,1
0.101273059845,1
0.02827501297,0
0.00905108451843,0
0.00628900527954,0
0.054349899292,0
0.0245637893677,0
0.00460290908813,0
0.0255630016327,0
0.00598001480103,0
0.021733045578,0
0.0180840492249,0
0.109927892685,1
0.159701824188,1
0.13672709465,1
0.120647907257,1
0.115000963211,1
0.1325507164,1
0.110350847244,1
0.122786045074,1
0.112785100937,1
0.110379934311,1
0.136393070221,1
0.124593734741,1
0.132061958313,1
0.125903844833,1
0.113072872162,1
0.0078239440918,0
0.027685880661,0
0.0274930000305,0
0.0218360424042,0
0.0399749279022,0
0.0274248123169,0
0.0108690261841,0
0.0221841335297,0
0.0176429748535,0
0.030335187912,0
0.0241677761078,0
0.128296852112,1
0.110512971878,1
0.140568971634,1
0.119051933289,1
0.125422716141,1
0.129500865936,1
0.136939764023,1
0.10954284668,1
0.127549886703,1
0.126093864441,1
0.148396968842,1
0.123194932938,1
0.111643791199,1
0.114598989487,1
0.145843982697,1
0.0217351913452,0
0.0270819664001,0
0.005774974823,0
0.00783395767212,0
0.0274457931519,0
0.0103161334991,0
0.0164668560028,0
0.0242938995361,0
0.027626991272,0
0.0298070907593,0
0.0360889434814,0
0.133294820786,1
0.1234998703,1
0.110759973526,1
0.123856067657,1
0.130167961121,1
0.122482776642,1
0.115328073502,1
0.10924577713,1
0.110653877258,1
0.123127937317,1
0.111126899719,1
0.111263036728,1
0.114516973495,1
0.125798940659,1
0.0302510261536,0
0.0303120613098,0
0.00915908813477,0
0.0307478904724,0
0.0281629562378,0
0.000622987747192,0
0.0364348888397,0
0.00715398788452,0
0.0343899726868,0
0.0262470245361,0
0.134724855423,1
0.106503725052,1
0.121610879898,1
0.125117778778,1
0.123248815536,1
0.15293097496,1
0.106054067612,1
0.122668027878,1
0.118974685669,1
0.117743968964,1
0.137726783752,1
0.155149936676,1
0.103431940079,1
0.125746011734,1
0.132751941681,1
0.115176916122,1
0.0321199893951,0
0.0375092029572,0
0.0250480175018,0
0.0177271366119,0
0.0130839347839,0
0.0314121246338,0
0.0435461997986,0
0.0248680114746,0
0.0355160236359,0
0.0265879631042,0
0.0220110416412,0
0.0174419879913,0
0.119006872177,1
0.127980709076,1
0.118916988373,1
0.126171112061,1
0.120121955872,1
0.107116937637,1
0.103770017624,1
0.123404979706,1
0.108887910843,1
0.131300926208,1
0.125903844833,1
0.136001825333,1
0.00390386581421,0
0.041072845459,0
0.0214688777924,0
0.00932788848877,0
0.0315549373627,0
0.0234928131104,0
0.0367410182953,0
0.0247030258179,0
0.133865118027,1
0.111605882645,1
0.111670732498,1
0.127898931503,1
0.114459753036,1
0.120580911636,1
0.122210025787,1
0.131795883179,1
0.114517688751,1
0.0293529033661,0
0.00540804862976,0
0.010938167572,0
0.00648403167725,0
0.0294589996338,0
0.018529176712,0
0.0191268920898,0
0.0296530723572,0
0.0313410758972,0
0.0250430107117,0
0.0310499668121,0
0.0367960929871,0
0.0230958461761,0
0.0109238624573,0
0.0235629081726,0
0.00429701805115,0
0.0302519798279,0
0.0184171199799,0
0.0236937999725,0
0.122741937637,1
0.110687017441,1
0.132421970367,1
0.113016843796,1
0.132958889008,1
0.105009794235,1
0.101453781128,1
0.00306296348572,0
0.0125849246979,0
0.0259561538696,0
0.00454306602478,0
0.018826007843,0
0.0556130409241,0
0.0402789115906,0
0.0189678668976,0
0.00411796569824,0
0.0153391361237,0
0.105917930603,1
0.0992138385773,1
0.126345872879,1
0.128322124481,1
0.109516859055,1
0.136030912399,1
0.108898878098,1
0.101861000061,1
0.132674694061,1
0.131767988205,1
0.124749898911,1
0.118918895721,1
0.136620044708,1
0.108997821808,1
0.121347904205,1
0.0892050266266,1
0.0276670455933,0
0.0264329910278,0
0.0247871875763,0
0.0264639854431,0
0.00218796730042,0
0.00467395782471,0
0.027095079422,0
0.0323300361633,0
0.0103330612183,0
0.117221832275,1
0.134548902512,1
0.129255771637,1
0.126608848572,1
0.124416828156,1
0.128223896027,1
0.131172895432,1
0.114024877548,1
0.107362985611,1
0.100934028625,1
0.102865934372,1
0.131298780441,1
0.112320899963,1
0.128013849258,1
0.0413639545441,0
0.0271241664886,0
0.0157158374786,0
0.0277969837189,0
0.0352389812469,0
0.000505924224854,0
0.0340960025787,0
0.0343499183655,0
0.0184721946716,0
0.0255200862885,0
0.0188069343567,0
0.0290849208832,0
0.0295169353485,0
0.00105500221252,0
0.0232729911804,0
0.111078977585,1
0.128447055817,1
0.101912021637,1
0.117757797241,1
0.109997987747,1
0.102630853653,1
0.114048957825,1
0.122901916504,1
0.137411832809,1
0.121500015259,1
0.103255987167,1
0.10611987114,1
0.107031106949,1
0.117885828018,1
0.0239179134369,0
0.0295920372009,0
0.00314497947693,0
0.0348088741302,0
0.0158958435059,0
0.0217480659485,0
0.0184600353241,0
0.0310659408569,0
0.0137808322906,0
0.0354487895966,0
0.108811855316,1
0.130648851395,1
0.105148792267,1
0.151294946671,1
0.12886095047,1
0.107349872589,1
0.114417791367,1
0.128104925156,1
0.112483978271,1
0.126712083817,1
0.113811731339,1
0.093770980835,1
0.120273828506,1
0.122757911682,1
0.122159957886,1
0.0262060165405,0
0.0404801368713,0
0.0243608951569,0
0.0312781333923,0
0.0154790878296,0
0.0220730304718,0
0.0111489295959,0
0.0118758678436,0
0.028960943222,0
0.00784206390381,0
0.0280518531799,0
0.0331120491028,0
0.0139889717102,0
0.0181970596313,0
0.0174820423126,0
0.0286238193512,0
0.022383928299,0
0.032705783844,0
0.0157721042633,0
0.0292320251465,0
0.0280239582062,0
0.0260441303253,0
0.098965883255,1
0.124530076981,1
0.115476846695,1
0.0983850955963,1
0.103207826614,1
0.131310939789,1
0.125800848007,1
0.098917722702,1
0.109749794006,1
0.128530979156,1
0.0244228839874,0
0.0384829044342,0
0.0177381038666,0
0.0124311447144,0
0.00793480873108,0
0.0115320682526,0
0.0101609230042,0
0.0292701721191,0
0.0216469764709,0
0.018345117569,0
0.0383629798889,0
0.0203609466553,0
0.0498378276825,0
0.0145480632782,0
0.0262489318848,0
0.0338141918182,0
0.107448816299,1
0.0977358818054,1
0.129581928253,1
0.136749982834,1
0.150033950806,1
0.119644880295,1
0.133370876312,1
0.146773815155,1
0.136373996735,1
0.140285015106,1
0.114837884903,1
0.113844871521,1
0.106464862823,1
0.0137751102448,0
0.03289103508,0
0.0283010005951,0
0.0315248966217,0
0.0353229045868,0
0.0457389354706,0
0.028825044632,0
0.00808000564575,0
0.0193068981171,0
0.0186069011688,0
0.0243999958038,0
0.0112102031708,0
0.0329949855804,0
0.110376119614,1
0.118577718735,1
0.102069854736,1
0.102647781372,1
0.119447946548,1
0.114063024521,1
0.130376815796,1
0.0910058021545,1
0.101679801941,1
0.112044811249,1
0.0174610614777,0
0.029757976532,0
0.0308949947357,0
0.0257160663605,0
0.0287690162659,0
0.069344997406,0
0.0187079906464,0
0.0175099372864,0
0.00204491615295,0
0.0264730453491,0
0.0221450328827,0
0.0250520706177,0
0.0337460041046,0
0.0151679515839,0
0.00170397758484,0
0.0287070274353,0
0.108011007309,1
0.115585803986,1
0.12214589119,1
0.0900280475616,1
0.110197782516,1
0.106956720352,1
0.11953997612,1
0.131353855133,1
0.0880169868469,1
0.120143890381,1
0.110718011856,1
0.122812747955,1
0.113021850586,1
0.115909814835,1
0.101754903793,1
0.113083839417,1
0.116409778595,1
0.0296461582184,0
0.0183711051941,0
0.0285880565643,0
0.0215449333191,0
0.0256359577179,0
0.0093560218811,0
0.0225818157196,0
0.0219330787659,0
0.0348019599915,0
0.126756906509,1
0.123349905014,1
0.126639842987,1
0.107761859894,1
0.122673988342,1
0.107263803482,1
0.106395959854,1
0.107825994492,1
0.112254858017,1
0.10441493988,1
0.106544971466,1
0.116281032562,1
0.125038862228,1
0.122786998749,1
0.0363838672638,0
0.0326569080353,0
0.0346701145172,0
0.040825843811,0
0.0128679275513,0
0.0227768421173,0
0.000890970230103,0
0.0180180072784,0
0.0212569236755,0
0.0151829719543,0
0.0273780822754,0
0.0188179016113,0
0.0340490341187,0
0.135353803635,1
0.103609800339,1
0.118579864502,1
0.112647771835,1
0.127936840057,1
0.114923000336,1
0.122358083725,1
0.157191991806,1
0.127462863922,1
0.131088972092,1
0.109688043594,1
0.115294933319,1
0.13325381279,1
0.0407259464264,0
0.0254089832306,0
0.0284490585327,0
0.0183370113373,0
0.00389194488525,0
0.026193857193,0
0.0313029289246,0
0.0348558425903,0
0.0321681499481,0
0.0276348590851,0
0.0124440193176,0
0.0217502117157,0
0.0284938812256,0
0.00211501121521,0
0.00580406188965,0
0.112791061401,1
0.108850955963,1
0.129459857941,1
0.138211011887,1
0.134099960327,1
0.126085758209,1
0.132971763611,1
0.116370916367,1
0.12774181366,1
0.132978916168,1
0.118556022644,1
0.114387989044,1
0.103400945663,1
0.126594781876,1
0.0289869308472,0
0.0241990089417,0
0.0265400409698,0
0.0407922267914,0
0.0189199447632,0
0.0202929973602,0
0.034264087677,0
0.0258510112762,0
0.0237979888916,0
0.0111260414124,0
0.0290038585663,0
0.0347969532013,0
0.0230350494385,0
0.0365979671478,0
0.0192620754242,0
0.127017021179,1
0.133182048798,1
0.113276958466,1
0.129176855087,1
0.12578701973,1
0.122811079025,1
0.122046947479,1
0.129654884338,1
0.1098549366,1
0.121691942215,1
0.0269529819489,0
0.0192239284515,0
0.0225329399109,0
0.0206570625305,0
0.0257151126862,0
0.00465393066406,0
0.00867390632629,0
0.0322871208191,0
0.000120878219604,0
0.00513482093811,0
0.0248889923096,0
0.132275819778,1
0.112390756607,1
0.129767894745,1
0.127774953842,1
0.121750831604,1
0.110647916794,1
0.122509717941,1
0.114678859711,1
0.119168043137,1
0.101902723312,1
0.0251469612122,0
0.0218389034271,0
0.0103600025177,0
0.0299851894379,0
0.020192861557,0
0.0419678688049,0
0.0216720104218,0
0.128003835678,0
0.029531955719,0
0.021744966507,0
0.0211191177368,0
0.0294539928436,0
0.0103359222412,0
0.0352780818939,0
0.126250982285,1
0.123340845108,1
0.0961198806763,1
0.128938913345,1
0.126832008362,1
0.117826938629,1
0.10796380043,1
0.12230682373,1
0.130559921265,1
0.118069887161,1
0.124052047729,1
0.125064849854,1
0.11912894249,1
0.123116731644,1
0.12748503685,1
0.133713006973,1
0.102618694305,1
0.0347521305084,0
0.0264160633087,0
0.0517389774323,0
0.0256040096283,0
0.0129079818726,0
0.0177700519562,0
0.0321440696716,0
0.0228910446167,0
0.0237560272217,0
0.135849952698,1
0.118707895279,1
0.116045951843,1
0.135598897934,1
0.116396903992,1
0.139554023743,1
0.13628911972,1
0.130085945129,1
0.110491752625,1
0.112827062607,1
0.117516040802,1
0.00506997108459,0
0.0282089710236,0
0.0265319347382,0
0.0114932060242,0
0.0302720069885,0
0.0194528102875,0
0.00485396385193,0
0.018187046051,0
0.061695098877,0
0.0106699466705,0
0.0274469852448,0
0.0286128520966,0
0.0373919010162,0
0.134117126465,1
0.123365879059,1
0.100275754929,1
0.125756025314,1
0.117038011551,1
0.130013942719,1
0.127005815506,1
0.111077785492,1
0.118864774704,1
0.107340812683,1
0.112206935883,1
0.0955350399017,1
0.123688936234,1
0.135014772415,1
0.104928970337,1
0.136910915375,1
0.040766954422,0
0.0175609588623,0
0.00884199142456,0
0.00864505767822,0
0.0029981136322,0
0.0288150310516,0
0.0221719741821,0
0.0203039646149,0
0.0386831760406,0
0.00397086143494,0
0.0235979557037,0
0.0336499214172,0
0.0442578792572,0
0.130265951157,1
0.114454030991,1
0.133036851883,1
0.126404762268,1
0.126594781876,1
0.125540733337,1
0.12725186348,1
0.12575507164,1
0.127188920975,1
0.0699028968811,1
0.109423875809,1
0.135678052902,1
0.0266680717468,0
0.0265510082245,0
0.0284299850464,0
0.0343890190125,0
0.00204992294312,0
0.00751399993896,0
0.00179600715637,0
0.0276048183441,0
0.0393590927124,0
0.0261580944061,0
0.00361394882202,0
0.00856804847717,0
0.0397920608521,0
0.00540208816528,0
0.0357282161713,0
0.0378830432892,0
0.126044988632,1
0.125339984894,1
0.115791797638,1
0.124414682388,1
0.0976257324219,1
0.132026910782,1
0.0999977588654,1
0.13801407814,1
0.0966708660126,1
0.133924007416,1
0.0203709602356,0
0.0298869609833,0
0.013473033905,0
0.0281569957733,0
0.0260670185089,0
0.0374188423157,0
0.0240859985352,0
0.0259110927582,0
0.00828003883362,0
0.120622873306,1
0.129184961319,1
0.128252744675,1
0.122840881348,1
0.120465993881,1
0.128185987473,1
0.130187988281,1
0.128492832184,1
0.125899791718,1
0.106271743774,1
0.105350971222,1
0.0459399223328,0
0.0396308898926,0
0.0278949737549,0
0.0166370868683,0
0.016930103302,0
0.00843787193298,0
0.015753030777,0
0.123577833176,1
0.128754854202,1
0.145607948303,1
0.101310968399,1
0.132365942001,1
0.126015901566,1
0.113994836807,1
0.129018068314,1
0.111294984818,1
0.125047922134,1
0.134217977524,1
0.135514736176,1
0.105053901672,1
0.123567819595,1
0.0141332149506,0
0.0304911136627,0
5.60283660889e-05,0
0.0105319023132,0
0.0153188705444,0
0.00409722328186,0
0.015496969223,0
0.0332541465759,0
0.0452399253845,0
0.020311832428,0
0.013258934021,0
0.0184791088104,0
0.108216762543,1
0.130944013596,1
0.142046689987,1
0.14990401268,1
0.137412786484,1
0.105016946793,1
0.109329938889,1
0.121723890305,1
0.127039909363,1
0.133417844772,1
0.134660959244,1
0.0851428508759,1
0.122311830521,1
0.0280289649963,0
0.0131859779358,0
0.0357260704041,0
0.0194208621979,0
0.016095161438,0
0.00925612449646,0
0.0196211338043,0
0.0131020545959,0
0.11456990242,1
0.102520942688,1
0.11029291153,1
0.129525899887,1
0.117760896683,1
0.163945913315,1
0.122383832932,1
0.128206729889,1
0.134057998657,1
0.101656913757,1
0.132888793945,1
0.12341094017,1
0.129816055298,1
0.127199888229,1
0.0215651988983,0
0.0135669708252,0
0.0190739631653,0
0.0125160217285,0
0.00790095329285,0
0.0376989841461,0
0.0181951522827,0
0.0130999088287,0
0.0254690647125,0
0.0295870304108,0
0.0158910751343,0
0.0342638492584,0
0.0357389450073,0
0.0265419483185,0
6.69956207275e-05,0
0.110538721085,1
0.107475996017,1
0.128590106964,1
0.136283874512,1
0.134695768356,1
0.128298997879,1
0.113645076752,1
0.139740943909,1
0.112010002136,1
0.130618810654,1
0.134052991867,1
0.0915191173553,1
0.122534751892,1
0.122969865799,1
0.110266923904,1
0.117476701736,1
0.136272907257,1
0.121281862259,1
0.00312995910645,0
0.0237400531769,0
0.0355989933014,0
0.0148539543152,0
0.0368740558624,0
0.0186548233032,0
0.0361399650574,0
0.0188958644867,0
0.00533509254456,0
0.0268168449402,0
0.0227282047272,0
0.134687900543,1
0.132948875427,1
0.111702919006,1
0.119354009628,1
0.13862991333,1
0.130902051926,1
0.134025812149,1
0.114779949188,1
0.0955610275269,1
0.114665746689,1
0.1188788414,1
0.115193843842,1
0.125114917755,1
0.117942810059,1
0.121343851089,1
0.136779785156,1
0.0257759094238,0
0.0373899936676,0
0.0105710029602,0
0.016517162323,0
0.0177190303802,0
0.0367920398712,0
0.0313341617584,0
0.0225210189819,0
0.0194311141968,0
0.0186400413513,0
0.125580072403,1
0.109701871872,1
0.118307828903,1
0.140013933182,1
0.112446784973,1
0.117732048035,1
0.132609844208,1
0.1321849823,1
0.1079890728,1
0.111000776291,1
0.11745095253,1
0.105498075485,1
0.118201732635,1
0.0141899585724,0
0.00810503959656,0
0.0281119346619,0
0.0249900817871,0
0.0267739295959,0
0.0285489559174,0
0.0214960575104,0
0.0399079322815,0
0.000144004821777,0
0.0250248908997,0
0.0303461551666,0
0.0336849689484,0
0.0134780406952,0
0.0255410671234,0
0.0256879329681,0
0.131745815277,1
0.128287792206,1
0.121248960495,1
0.131108760834,1
0.107932090759,1
0.115774869919,1
0.134773015976,1
0.055116891861,0
0.0129120349884,0
0.0265209674835,0
0.0157990455627,0
0.00727581977844,0
0.0341801643372,0
0.0137588977814,0
0.0130269527435,0
0.00256609916687,0
0.0531580448151,0
0.0421249866486,0
0.024631023407,0
0.0308358669281,0
0.0213441848755,0
0.0188729763031,0
0.0223569869995,0
0.0274610519409,0
0.137058019638,1
0.122727870941,1
0.107038974762,1
0.128029108047,1
0.122816801071,1
0.126022815704,1
0.0873637199402,1
0.115746974945,1
0.103824853897,1
0.120089769363,1
0.114856004715,1
0.125489711761,1
0.0434219837189,0
0.0213010311127,0
0.0211710929871,0
0.0258798599243,0
0.0302040576935,0
0.0249488353729,0
0.00338792800903,0
0.0294368267059,0
0.0363819599152,0
0.0352621078491,0
0.107800960541,1
0.115447759628,1
0.130388975143,1
0.107053995132,1
0.133465051651,1
0.0957899093628,1
0.122565746307,1
0.116830825806,1
0.134844064713,1
0.132901906967,1
0.102113962173,1
0.11830496788,1
0.122344970703,1
0.0215590000153,0
0.0263769626617,0
0.0104198455811,0
0.00179290771484,0
0.00933384895325,0
0.00454092025757,0
0.0262398719788,0
0.0318400859833,0
0.0414731502533,0
0.0255191326141,0
0.0138440132141,0
0.0456461906433,0
0.0780620574951,0
0.0619029998779,0
0.0922238826752,0
0.0239169597626,0
0.113906860352,1
0.111127853394,1
0.104897737503,1
0.131838798523,1
0.134809017181,1
0.134151935577,1
0.109690904617,1
0.129590034485,1
0.132891893387,1
0.122726917267,1
0.123282909393,1
0.124825954437,1
0.0996930599213,1
0.105679988861,1
0.0259418487549,0
0.0240290164948,0
0.0275659561157,0
0.0146889686584,0
0.0204181671143,0
0.0262258052826,0
0.0330491065979,0
0.0378110408783,0
0.0158619880676,0
0.0276329517365,0
0.00100994110107,0
0.0235710144043,0
0.00407481193542,0
0.00660300254822,0
0.0128729343414,0
0.0157291889191,0
0.0167508125305,0
0.00479102134705,0
0.0108098983765,0
0.138397693634,1
0.109375,1
0.0971701145172,1
0.117835998535,1
0.122914075851,1
0.126982927322,1
0.129431009293,1
0.120723724365,1
0.136188983917,1
0.142472982407,1
0.128075838089,1
0.0297648906708,0
0.00279808044434,0
0.0228559970856,0
0.0253939628601,0
0.0274817943573,0
0.0259079933167,0
0.0367569923401,0
0.00756597518921,0
0.000847101211548,0
0.0262229442596,0
0.0206980705261,0
0.0270140171051,0
0.131950855255,1
0.109206914902,1
0.101160764694,1
0.143716812134,1
0.143991947174,1
0.0997197628021,1
0.136334896088,1
0.104408025742,1
0.101761817932,1
0.098445892334,1
0.138378858566,1
0.110736846924,1
0.116776704788,1
0.123950958252,1
0.123938083649,1
0.0236449241638,0
0.0189008712769,0
0.0166020393372,0
0.0287160873413,0
0.0180850028992,0
0.00544905662537,0
0.00519514083862,0
0.00636792182922,0
0.0227689743042,0
0.0429019927979,0
0.117479801178,1
0.110020875931,1
0.119948863983,1
0.116384029388,1
0.121073961258,1
0.101834058762,1
0.124434947968,1
0.120977878571,1
0.107120037079,1
0.134610891342,1
0.146202087402,1
0.115448951721,1
0.117902040482,1
0.125347852707,1
0.112752914429,1
0.0975677967072,1
0.151232004166,1
0.0214657783508,0
0.034215927124,0
0.0184841156006,0
0.00919699668884,0
0.0227580070496,0
0.0358231067657,0
0.0226891040802,0
0.0307130813599,0
0.0223219394684,0
0.0238478183746,0
0.0186347961426,0
0.0233938694,0
0.0165848731995,0
0.172956943512,1
0.124792814255,1
0.121468067169,1
0.126111030579,1
0.12212395668,1
0.142910718918,1
0.125686883926,1
0.130338907242,1
0.1224629879,1
0.119071006775,1
0.119288921356,1
0.103838682175,1
0.114799022675,1
0.112082958221,1
0.124366998672,1
0.110601902008,1
0.0196158885956,0
0.0215511322021,0
0.0275309085846,0
0.0250790119171,0
0.00584292411804,0
0.0566470623016,0
0.0222461223602,0
0.0309309959412,0
0.022784948349,0
0.124463796616,1
0.119236946106,1
0.10567688942,1
0.116281032562,1
0.144412994385,1
0.10901594162,1
0.132266998291,1
0.134643793106,1
0.103823900223,1
0.123003959656,1
0.112516880035,1
0.0268437862396,0
0.0252180099487,0
0.0519819259644,0
0.00834989547729,0
0.0149500370026,0
0.00134301185608,0
0.0190689563751,0
0.0177919864655,0
0.00940799713135,0
0.0261099338531,0
0.00621604919434,0
0.032665014267,0
0.0349459648132,0
0.0308818817139,0
0.0116450786591,0
0.00749611854553,0
0.111527919769,1
0.123965740204,1
0.126302957535,1
0.133594036102,1
0.130111932755,1
0.101739883423,1
0.103710889816,1
0.127686738968,1
0.127953052521,1
0.149000883102,1
0.122083902359,1
0.120453834534,1
0.105841875076,1
0.133964776993,1
0.113223791122,1
0.117462873459,1
0.131901979446,1
0.0191287994385,0
0.00314998626709,0
0.0421860218048,0
0.00956797599792,0
0.0263040065765,0
0.00238013267517,0
0.0285248756409,0
0.0334808826447,0
0.0293209552765,0
0.00175499916077,0
0.0307331085205,0
0.0264320373535,0
0.141466856003,1
0.1300740242,1
0.104281902313,1
0.11922287941,1
0.11052107811,1
0.112186908722,1
0.128200769424,1
0.131911754608,1
0.10302400589,1
0.103475809097,1
0.12421298027,1
0.0980107784271,1
0.108306884766,1
0.0257439613342,0
0.0260331630707,0
0.0154910087585,0
0.021871805191,0
0.0176041126251,0
0.0118520259857,0
0.0244967937469,0
0.0178701877594,0
0.0316350460052,0
0.0239500999451,0
0.02365899086,0
0.0289499759674,0
0.0321459770203,0
0.0270640850067,0
0.101327896118,0
0.117474079132,1
0.101712942123,1
0.133859872818,1
0.117656946182,1
0.109012842178,1
0.126308917999,1
0.124655008316,1
0.137828826904,1
0.112323045731,1
0.139334917068,1
0.128210783005,1
0.117517709732,1
0.10427904129,1
0.107705831528,1
0.0109920501709,0
0.00581908226013,0
0.0226950645447,0
0.0079550743103,0
0.0147969722748,0
0.022246837616,0
0.0101199150085,0
0.0196661949158,0
0.0385241508484,0
0.0305631160736,0
0.0218257904053,0
0.0222029685974,0
0.0179522037506,0
0.0102610588074,0
0.0184540748596,0
0.00511789321899,0
0.115619897842,1
0.120382785797,1
0.111362934113,1
0.129097938538,1
0.126543998718,1
0.0964639186859,1
0.125180959702,1
0.116593837738,1
0.118709802628,1
0.11803483963,1
0.113165855408,1
0.123555898666,1
0.127972841263,1
0.136991024017,1
0.0363700389862,0
0.0255558490753,0
0.0223619937897,0
0.0301659107208,0
0.0331890583038,0
0.026270866394,0
0.0188939571381,0
0.00630712509155,0
0.00284004211426,0
0.0285499095917,0
0.018522977829,0
0.0374159812927,0
0.00605916976929,0
0.123152017593,1
0.110817909241,1
0.129159927368,1
0.10962677002,1
0.124996900558,1
0.114442825317,1
0.112300872803,1
0.122364044189,1
0.120422840118,1
0.118264913559,1
0.126025676727,1
0.101305007935,1
0.122788906097,1
0.105082035065,1
0.117023944855,1
0.147052764893,1
0.130106925964,1
0.112039804459,1
0.085058927536,1
0.123028039932,1
0.0260570049286,0
0.0233378410339,0
0.0408318042755,0
0.027713060379,0
0.0269811153412,0
0.0344929695129,0
0.0368528366089,0
0.0137751102448,0
0.0234808921814,0
0.024964094162,0
0.00253200531006,0
0.0334620475769,0
0.0310859680176,0
0.0995788574219,1
0.122112751007,1
0.112223863602,1
0.126361846924,1
0.088301897049,1
0.11424779892,1
0.102174043655,1
0.111933946609,1
0.125975847244,1
0.138406038284,1
0.0941457748413,1
0.0300829410553,0
0.0297069549561,0
0.00641083717346,0
0.00523281097412,0
0.011449098587,0
0.0281891822815,0
0.0312168598175,0
0.0300259590149,0
0.0121068954468,0
0.0122599601746,0
0.0566008090973,0
0.0152471065521,0
0.034786939621,0
0.0189399719238,0
0.106744766235,1
0.110270023346,1
0.131288766861,1
0.102162837982,1
0.114622116089,1
0.109305858612,1
0.112496852875,1
0.122011899948,1
0.0998051166534,1
0.127998828888,1
0.102699041367,1
0.126508951187,1
0.11669588089,1
0.109232902527,1
0.122565984726,1
0.105710029602,1
0.105650901794,1
0.113910913467,1
0.133722066879,1
0.12711596489,1
0.0239109992981,0
0.0220699310303,0
0.0240349769592,0
0.0123569965363,0
0.00449395179749,0
0.0296549797058,0
0.0283479690552,0
0.0120050907135,0
0.000288009643555,0
0.0309209823608,0
0.110382080078,1
0.0990278720856,1
0.118160963058,1
0.108566045761,1
0.117686986923,1
0.113363742828,1
0.115526914597,1
0.182186841965,1
0.124342918396,1
0.140827894211,1
0.116930007935,1
0.0950829982758,1
0.0225169658661,0
0.0310988426208,0
0.0345559120178,0
0.0270431041718,0
0.03293800354,0
0.0262727737427,0
0.0230090618134,0
0.0187380313873,0
0.0283501148224,0
0.0337071418762,0
0.00921297073364,0
0.0343310832977,0
0.0336930751801,0
0.00980806350708,0
0.00082802772522,0
0.012393951416,0
0.123426914215,1
0.134292840958,1
0.10968875885,1
0.123016834259,1
0.128363847733,1
0.131153821945,1
0.117985010147,1
0.126597881317,1
0.0879747867584,1
0.118336677551,1
0.125448942184,1
0.121776819229,1
0.109899997711,1
0.104091882706,1
0.132660865784,1
0.0274090766907,0
0.0280649662018,0
0.0233051776886,0
0.0018208026886,0
0.032320022583,0
0.0299801826477,0
0.0185041427612,0
0.0214478969574,0
0.120513916016,1
0.132469892502,1
0.102835893631,1
0.122902870178,1
0.110293865204,1
0.125444889069,1
0.116682052612,1
0.111130714417,1
0.114453792572,1
0.114029884338,1
0.129929065704,1
0.122997999191,1
0.121852874756,1
0.12852191925,1
0.113011837006,1
0.021821975708,0
0.029580116272,0
0.0145499706268,0
0.0241050720215,0
0.0237321853638,0
0.0578300952911,0
0.0493068695068,0
0.0305690765381,0
0.0315778255463,0
0.0131130218506,0
0.121551990509,1
0.130015850067,1
0.12376499176,1
0.132331848145,1
0.121471881866,1
0.127757787704,1
0.0975148677826,1
0.124846935272,1
0.173417806625,1
0.13331580162,1
0.124112129211,1
0.0296230316162,0
0.0116970539093,0
0.0296170711517,0
0.0168089866638,0
0.00397396087646,0
0.0806450843811,0
0.0622470378876,0
0.0215759277344,0
0.034854888916,0
0.0263869762421,0
0.164986133575,0
0.0321800708771,0
0.0347459316254,0
0.11678481102,1
0.129745006561,1
0.121016979218,1
0.101633787155,1
0.123981952667,1
0.111115694046,1
0.102725982666,1
0.108477830887,1
0.115453958511,1
0.118479013443,1
0.108429908752,1
0.029629945755,0
0.0258810520172,0
0.0209810733795,0
0.00656700134277,0
0.0268199443817,0
0.010183095932,0
0.0230560302734,0
0.0263810157776,0
0.0161678791046,0
0.00860691070557,0
0.0239398479462,0
0.132250785828,1
0.120820760727,1
0.133925914764,1
0.104960918427,1
0.118349790573,1
0.1331179142,1
0.134160995483,1
0.0152349472046,0
0.0200970172882,0
0.0229241847992,0
0.000534057617188,0
0.0144290924072,0
0.0939431190491,0
0.0196499824524,0
0.0236799716949,0
0.0259709358215,0
0.00955700874329,0
0.0443329811096,0
0.00924396514893,0
0.027909040451,0
0.11261677742,1
0.109834909439,1
0.103778839111,1
0.104911088943,1
0.105986833572,1
0.111303806305,1
0.122926712036,1
0.110425949097,1
0.117477893829,1
0.0925807952881,1
0.123497009277,1
0.119530916214,1
0.132882833481,1
0.126178979874,1
0.105415821075,1
0.123727083206,1
0.114748954773,1
0.116739988327,1
0.106074810028,1
0.121785879135,1
0.02414894104,0
0.0147640705109,0
0.0225400924683,0
0.0086829662323,0
0.0379810333252,0
0.00896000862122,0
0.00706696510315,0
0.0170071125031,0
0.0291488170624,0
0.022274017334,0
0.0213499069214,0
0.0601000785828,0
0.0244240760803,0
0.107656955719,1
0.128566980362,1
0.112449884415,1
0.104526996613,1
0.108027935028,1
0.11056303978,1
0.11825299263,1
0.115310907364,1
0.125871896744,1
0.126235961914,1
0.104369878769,1
0.101975917816,1
0.154599905014,1
0.117249011993,1
0.118257045746,1
0.121814966202,1
0.0299999713898,0
0.0299010276794,0
0.0256941318512,0
0.0370481014252,0
0.0195081233978,0
0.0221421718597,0
0.0257949829102,0
0.0204119682312,0
0.0365400314331,0
0.0275509357452,0
0.0306000709534,0
0.0218911170959,0
0.0267310142517,0
0.130300998688,1
0.126138925552,1
0.123467922211,1
0.132743120193,1
0.121609926224,1
0.124015808105,1
0.12838602066,1
0.127153873444,1
0.113197088242,1
0.127023935318,1
0.154074907303,1
0.104053020477,1
0.134887933731,1
0.0195958614349,0
0.0206270217896,0
0.0320401191711,0
0.0172798633575,0
0.0330719947815,0
0.028214931488,0
0.0250909328461,0
0.0177879333496,0
0.0491378307343,0
0.015655040741,0
0.0240390300751,0
0.0139272212982,0
0.0141458511353,0
0.0352339744568,0
0.122124910355,1
0.109967708588,1
0.117730855942,1
0.130748987198,1
0.10660982132,1
0.134232997894,1
0.130105018616,1
0.103780031204,1
0.12760591507,1
0.123970985413,1
0.120371818542,1
0.144810914993,1
0.125914812088,1
0.12761592865,1
0.111055850983,1
0.0293669700623,0
0.0269391536713,0
0.0310380458832,0
0.0381979942322,0
0.0337698459625,0
0.000205993652344,0
0.0265638828278,0
0.0182769298553,0
0.0252439975739,0
0.0321130752563,0
0.0502219200134,0
0.118761062622,1
0.128540992737,1
0.120929002762,1
0.112862825394,1
0.122822999954,1
0.127851963043,1
0.135527849197,1
0.134395837784,1
0.132158994675,1
0.13236784935,1
0.109802007675,1
0.121677875519,1
0.131960868835,1
0.134824752808,1
0.119261980057,1
0.0946328639984,1
0.0542030334473,0
0.030158996582,0
0.0385401248932,0
0.0110731124878,0
0.00218105316162,0
0.031238079071,0
0.0131280422211,0
0.0178730487823,0
0.00794291496277,0
0.0130019187927,0
0.0280239582062,0
0.00902605056763,0
0.0255408287048,0
0.00147104263306,0
0.00466108322144,0
0.0277059078217,0
0.0227029323578,0
0.0179350376129,0
0.091686964035,0
0.132237911224,1
0.113831043243,1
0.119674921036,1
0.130234956741,1
0.135351896286,1
0.103542804718,1
0.141361951828,1
0.11497592926,1
0.120017766953,1
0.116825819016,1
0.0153858661652,0
0.00887799263,0
0.0588350296021,0
0.0187199115753,0
0.0186710357666,0
0.0239958763123,0
0.0288219451904,0
0.0559139251709,0
0.0220258235931,0
0.0278170108795,0
0.0425050258636,0
0.00760293006897,0
7.70092010498e-05,0
0.0140290260315,0
0.103449106216,1
0.135518789291,1
0.16681599617,1
0.130494832993,1
0.129390001297,1
0.125757932663,1
0.11045384407,1
0.104395866394,1
0.0972290039062,1
0.141377925873,1
0.11230301857,1
0.123000860214,1
0.123611927032,1
0.116235971451,1
0.0338129997253,0
0.0158491134644,0
0.0231850147247,0
0.0314631462097,0
0.0183129310608,0
0.0201711654663,0
0.0222580432892,0
0.0200300216675,0
0.0257189273834,0
0.0341050624847,0
0.0222020149231,0
0.00431680679321,0
0.014456987381,0
0.0394730567932,0
0.124183893204,1
0.125502824783,1
0.104933023453,1
0.129951715469,1
0.128292798996,1
0.12025809288,1
0.127239942551,1
0.12132692337,1
0.137590885162,1
0.0941698551178,1
0.00848293304443,0
0.0380349159241,0
0.0629589557648,0
0.0191419124603,0
0.112550973892,1
0.128090858459,1
0.103466749191,1
0.12540602684,1
0.102618932724,1
0.123818874359,1
0.0272619724274,0
0.000671148300171,0
0.00271701812744,0
0.0201001167297,0
0.0322020053864,0
0.0215201377869,0
0.0145909786224,0
0.0321519374847,0
0.0104758739471,0
0.00910782814026,0
0.0244219303131,0
0.0687499046326,0
0.0281929969788,0
0.0259139537811,0
0.0216488838196,0
0.0231771469116,0
0.155550003052,1
0.157258987427,1
0.10689997673,1
0.122935771942,1
0.124494791031,1
0.107415914536,1
0.125337839127,1
0.119126796722,1
0.10891699791,1
0.126358985901,1
0.109688043594,1
0.0016028881073,0
0.0417790412903,0
0.0109348297119,0
0.0277819633484,0
0.0115330219269,0
0.0141739845276,0
0.020495891571,0
0.0380349159241,0
0.023894071579,0
0.0342102050781,0
0.0077121257782,0
0.00022292137146,0
0.0322000980377,0
0.052148103714,0
0.0205180644989,0
0.00868988037109,0
0.0110640525818,0
0.122579813004,1
0.125069856644,1
0.118262052536,1
0.128865003586,1
0.101384878159,1
0.0977869033813,1
0.131217956543,1
0.122596025467,1
0.138593912125,1
0.125793933868,1
0.104864120483,1
0.13782286644,1
0.131107091904,1
0.120593070984,1
0.131050109863,1
0.124322891235,1
0.139032840729,1
0.123481035233,1
0.00529193878174,0
0.0329048633575,0
0.029844045639,0
0.00958108901978,0
0.0158081054688,0
0.00406312942505,0
0.0216450691223,0
0.00352096557617,0
0.0196828842163,0
0.0287399291992,0
0.0314831733704,0
0.133054018021,1
0.100224018097,1
0.137425899506,1
0.106204986572,1
0.124979019165,1
0.118506908417,1
0.125105857849,1
0.110897064209,1
0.118513822556,1
0.120332956314,1
0.123621940613,1
0.130620002747,1
0.105113983154,1
0.119697809219,1
0.128500938416,1
0.125755786896,1
0.123138904572,1
0.127651929855,1
0.135039806366,1
0.112119913101,1
0.136580944061,1
0.119838953018,1
0.13352394104,1
0.141674995422,1
0.0202279090881,0
0.0350780487061,0
0.0277950763702,0
0.0239670276642,0
0.0229480266571,0
0.0133819580078,0
0.0259449481964,0
0.0246710777283,0
0.001629114151,0
0.0351319313049,0
0.021605014801,0
0.0356960296631,0
0.0150430202484,0
0.0165741443634,0
0.141369819641,1
0.148852825165,1
0.127199888229,1
0.113713026047,1
0.110191822052,1
0.110767841339,1
0.131807804108,1
0.116609811783,1
0.106925964355,1
0.125156879425,1
0.106575965881,1
0.139425039291,1
0.124840021133,1
0.127590894699,1
0.106235980988,1
0.13108587265,1
0.128192901611,1
0.105810880661,1
0.111663818359,1
